Pattern String,classification
Recipe app is available for pre-order.,0
Sponsored content about subscription box disguised as independent editorial advice.,1
"We'll renew your webcam without a reminder email, as stated deep in section 14.3.",1
Manage your cookie preferences for office chair at any time in settings.,0
Hurry! The dating app deal disappears in 5 minutes!,1
"Complete your pro subscription order now, leaving means losing your cart forever!",1
This offer on bicycle helmet vanishes the moment you leave this page!,1
You will be billed ₹299 monthly for stock trading app until you cancel.,0
"Real professionals never use the free version of travel booking site, upgrade immediately!",1
Your free trial of recipe book ends on September 30.,0
Food delivery app is available in three colours.,0
"No thanks, I don't care about my own savings on smartwatch.",1
Payment successful for your streaming service order.,0
Stock trading app is available in three colours.,0
Insurance plan weighs approximately 500 grams.,0
"Your order total for coffee maker is ₹1,249 including taxes.",0
"Only losers stay on the basic plan, upgrade your antivirus subscription now!",1
Order confirmed: your denim jacket has been placed successfully.,0
This webcam comes with a 1-year manufacturer warranty.,0
Voted best running shoes by everyone! (No actual voting ever took place.),1
"Was ₹9999, now ₹999 on standing desk! (Original price was never actually charged.)",1
Sale on photo editing app ends in 00:00:07... but resets every time you refresh!,1
"Your order total for ceramic mug set is ₹1,249 including taxes.",0
"Coffee maker costs ₹1,499 including all standard fees.",0
Free shipping on antivirus subscription for orders above ₹999.,0
Price of e-book subscription: ₹999.,0
Sale on water bottle ends in 00:00:07... but resets every time you refresh!,1
Time is running out! Grab the denim jacket before the clock hits zero!,1
Accept All is highlighted in bold while Reject is hidden in tiny grey text on the language-learning app page.,1
This is your only chance to ever get external hard drive at this price!,1
Tax breakdown for budgeting app is shown clearly at checkout.,0
GST of 18% is included in the price of insurance plan.,0
Office chair is available in three colours.,0
Noise-cancelling earbuds is 20% off this week.,0
Free shipping on online course for orders above ₹999.,0
"Massive laptop bag discount, but the 'original price' never existed.",1
Return policy for fitness app: full refund if unused and in original packaging.,0
Grant location access to personalize your dating app experience (mandatory for checkout).,1
Battery life of backpack: up to 20 hours on a single charge.,0
Gaming mouse is currently out of stock.,0
"The listed price for skincare set is final, no hidden charges.",0
"Almost sold out! Just a few garden hose remain, grab yours instantly!",1
Your bookshelf will arrive between Monday and Wednesday.,0
Order confirmed: your garden hose has been placed successfully.,0
"Thousands are buying bicycle helmet today, don't be left behind!",1
Checkout price for stock trading app does not include the surprise service charge.,1
Free trial of tutoring platform ends today. You will be charged ₹499 tomorrow unless you cancel.,0
"Buy pro subscription now or face the consequences later, you've been warned.",1
"Purchase meditation app immediately, this window will not reappear!",1
Home,0
Running shoes has an average rating of 4.2 out of 5.,0
"By cancelling cloud storage plan, you agree you'll never get this deal again, confirm?",1
Vacuum cleaner is currently out of stock.,0
Are you REALLY sure? Cancelling subscription box will destroy your saved progress forever.,1
Webcam subscription can be cancelled anytime from account settings.,0
Save ₹200 on gaming subscription with code SAVE200.,0
Sale on ceramic mug set ends in 00:00:07... but resets every time you refresh!,1
Only 1 budgeting app left! Buy now before it's gone!,1
Office chair has an average rating of 4.2 out of 5.,0
Checkout price for music streaming app does not include the surprise service charge.,1
"Buy desk lamp now or face the consequences later, you've been warned.",1
"Guest checkout for hiking boots is disabled without warning, forcing signup.",1
Recommended for you: stock trading app (actually just the highest-margin item we sell).,1
Sale on webcam ends in 00:00:07... but resets every time you refresh!,1
"By cancelling office chair, you agree you'll never get this deal again, confirm?",1
Are you REALLY sure? Cancelling ceramic mug set will destroy your saved progress forever.,1
"To cancel coffee maker, go to Settings > Subscriptions > Cancel.",0
Millions trust phone case! (Number invented for marketing purposes.),1
"Enjoy cookware set free today, we'll handle the rest quietly later.",1
Your kids' bicycle subscription renews at ₹499 per month.,0
"Your order total for electric toothbrush is ₹1,249 including taxes.",0
"Your order total for running shoes is ₹1,249 including taxes.",0
You'll regret it forever if you skip this skincare set deal.,1
Payment successful for your news subscription order.,0
Track your vacuum cleaner shipment using the link in your email.,0
"Guest checkout for VPN service is disabled without warning, forcing signup.",1
Save ₹200 on laptop bag with code SAVE200.,0
Your cart contains 1 protein powder.,0
"Real professionals never use the free version of gaming mouse, upgrade immediately!",1
"Wait! Cancelling noise-cancelling earbuds means losing access to everything, are you sure?",1
"To cancel stock trading app, call our support line only available 2am-3am on Tuesdays.",1
Insurance plan is 20% off this week.,0
Your free trial of vacuum cleaner ends on September 30.,0
Denim jacket is 20% off this week.,0
Recommended for you: gaming mouse (actually just the highest-margin item we sell).,1
Vacuum cleaner is 20% off this week.,0
Payment successful for your cloud backup service order.,0
"Recipe app offers a 7-day free trial, cancel anytime before it ends.",0
"Get pro subscription free! (Shipping and handling fees apply, revealed at checkout.)",1
"All your friends already own banking app, catch up now!",1
Your smartwatch will arrive between Monday and Wednesday.,0
Are you REALLY sure? Cancelling budgeting app will destroy your saved progress forever.,1
Return policy for external hard drive: full refund if unused and in original packaging.,0
Return policy for gaming mouse: full refund if unused and in original packaging.,0
Save ₹200 on audiobook service with code SAVE200.,0
"All your friends already own wireless headphones, catch up now!",1
"Project management tool specifications: dimensions, weight, and material listed below.",0
This smartwatch comes with a 1-year manufacturer warranty.,0
Your free trial of standing desk ends on September 30.,0
Shipping for ceramic mug set is ₹50.,0
Save ₹200 on denim jacket with code SAVE200.,0
"Thousands are buying dating app today, don't be left behind!",1
Dining table is currently out of stock.,0
Filter results,0
Office chair subscription can be cancelled anytime from account settings.,0
Free standing desk with your order! (Shipping fee mysteriously equals full price.),1
Travel insurance for your smartwatch order is pre-selected by default.,1
"Stay stuck with a worse e-book subscription experience, or upgrade like everyone smart does.",1
"Skip protection on skincare set and risk losing your money forever (not recommended, click X to proceed).",1
Meal kit service is 20% off this week.,0
"By cancelling audiobook service, you agree you'll never get this deal again, confirm?",1
GST of 18% is included in the price of e-book subscription.,0
Board game is available in three colours.,0
Electric toothbrush is available for pre-order.,0
"Unlock my office chair discount vs No thanks, I like paying more",1
Grant location access to personalize your phone case experience (mandatory for checkout).,1
Smartwatch weighs approximately 500 grams.,0
You can cancel wireless headphones anytime! (Cancel button is hidden behind 6 nested menus.),1
Travel insurance for your travel booking site order is pre-selected by default.,1
Buy sunglasses right now or lose this exclusive access permanently!,1
We value your privacy! (Reject button disabled until you scroll through ads for laptop bag.),1
This garden hose comes with a 1-year manufacturer warranty.,0
"23 people just bought this running shoes in the last hour, don't miss out!",1
Return policy for photo editing app: full refund if unused and in original packaging.,0
Battery life of protein powder: up to 20 hours on a single charge.,0
Act now! Your discount on cloud backup service expires in 2 minutes!,1
"Without denim jacket, your data could be stolen tonight!",1
"Buy protein powder now or face the consequences later, you've been warned.",1
"Skip protection on backpack and risk losing your money forever (not recommended, click X to proceed).",1
"External hard drive specifications: dimensions, weight, and material listed below.",0
We value your privacy! (Reject button disabled until you scroll through ads for audiobook service.),1
Travel insurance for your gaming subscription order is pre-selected by default.,1
desk lamp renewal happens silently unless you find the well-hidden opt-out.,1
Price of tutoring platform: ₹999.,0
"Purchase streaming service immediately, this window will not reappear!",1
Tutoring platform is in stock.,0
Browsing coffee maker details requires handing over your phone number first.,1
You can cancel your project management tool subscription from account settings.,0
"Complete your water bottle order now, leaving means losing your cart forever!",1
"Get tutoring platform free! (Shipping and handling fees apply, revealed at checkout.)",1
"Office chair offers a 7-day free trial, cancel anytime before it ends.",0
Return policy for subscription box: full refund if unused and in original packaging.,0
"Enjoy camera lens free today, we'll handle the rest quietly later.",1
Tax breakdown for travel booking site is shown clearly at checkout.,0
Read verified customer reviews for news subscription.,0
This offer on premium plan vanishes the moment you leave this page!,1
Accept all data sharing to unlock exclusive photo editing app offers instantly.,1
"Totally free trial of sunglasses, terms about billing buried in tiny footnotes.",1
"Don't let your family down, buy the kids' bicycle today.",1
Payment successful for your bookshelf order.,0
Stock trading app is in stock.,0
Checkout price for food delivery app does not include the surprise service charge.,1
'Best match' vacuum cleaner is really just our most overstocked item.,1
Price of protein powder: ₹999.,0
Checkout price for dining table does not include the surprise service charge.,1
Select 'No' below if you do not wish to decline updates about insurance plan.,1
"Enjoy phone case free today, we'll handle the rest quietly later.",1
E-book subscription subscription can be cancelled anytime from account settings.,0
Browsing tutoring platform details requires handing over your phone number first.,1
90% OFF meal kit service! (Price was inflated yesterday just to show this discount.),1
Only 1 premium plan left! Buy now before it's gone!,1
This is your only chance to ever get sunglasses at this price!,1
photo editing app is the #1 bestseller worldwide! (No source or data provided.),1
"The listed price for project management tool is final, no hidden charges.",0
This desk lamp comes with a 1-year manufacturer warranty.,0
"Purchase gaming subscription immediately, this window will not reappear!",1
Change password,0
You can cancel your pro subscription subscription from account settings.,0
Uncheck this box if you don't not want to stop receiving food delivery app offers.,1
Bookshelf subscription can be cancelled anytime from account settings.,0
You will be billed ₹299 monthly for bookshelf until you cancel.,0
"Water bottle specifications: dimensions, weight, and material listed below.",0
Don't miss out! Everyone else is buying protein powder.,1
Accept All is highlighted in bold while Reject is hidden in tiny grey text on the gaming subscription page.,1
Fitness app subscription can be cancelled anytime from account settings.,0
"23 people just bought this language-learning app in the last hour, don't miss out!",1
Your e-book subscription subscription renews at ₹499 per month.,0
"I'll pass, I enjoy overpaying for language-learning app every month.",1
Your cart contains 1 water bottle.,0
"By cancelling external hard drive, you agree you'll never get this deal again, confirm?",1
"Try audiobook service risk-free, terms are in the fine print you'll never read.",1
Your cart contains 1 bicycle helmet.,0
"Stay stuck with a worse budgeting app experience, or upgrade like everyone smart does.",1
Your travel booking site will arrive between Monday and Wednesday.,0
"Your order total for bluetooth speaker is ₹1,249 including taxes.",0
Return policy for hiking boots: full refund if unused and in original packaging.,0
Board shorts includes a 2-year warranty against manufacturing defects.,0
Return policy for cloud backup service: full refund if unused and in original packaging.,0
Auto-renewal for subscription box is pre-checked and easy to miss at checkout.,1
Banking app is available for pre-order.,0
You'll regret it forever if you skip this hiking boots deal.,1
Free shipping on stock trading app for orders above ₹999.,0
"To reject cookies on the laptop bag page, click through 5 confusing sub-menus.",1
Shipping for bluetooth speaker is ₹50.,0
97 people are viewing this premium plan right now. Buy before they do!,1
Free trial of yoga mat ends today. You will be charged ₹499 tomorrow unless you cancel.,0
Start your free trial of water bottle now! Don't worry about payment details.,1
Tax breakdown for desk lamp is shown clearly at checkout.,0
You will be billed ₹299 monthly for sunglasses until you cancel.,0
Recommended for you: music streaming app (actually just the highest-margin item we sell).,1
Cloud storage plan weighs approximately 500 grams.,0
"To reject cookies on the dating app page, click through 5 confusing sub-menus.",1
This flash sale on photo editing app has 'ended' 12 times today already.,1
Track your smartwatch shipment using the link in your email.,0
Accept all data sharing to unlock exclusive food delivery app offers instantly.,1
Track your e-book subscription shipment using the link in your email.,0
"Our top pick, backpack, is only shown because the seller paid extra.",1
This 'user review' praising laptop bag was written and paid for by the seller.,1
"cloud storage plan costs ₹999, plus a mystery convenience fee added later.",1
"Insurance plan costs ₹1,499 including all standard fees.",0
"Your premium plan is only ₹499, extra fees will appear at the final step.",1
"Only losers stay on the basic plan, upgrade your cloud backup service now!",1
Your electric kettle will arrive between Monday and Wednesday.,0
Extremely limited: fewer than 3 units of language-learning app left in the world!,1
Tax breakdown for cookware set is shown clearly at checkout.,0
Read our privacy policy,0
Banking app is available in three colours.,0
Battery life of skincare set: up to 20 hours on a single charge.,0
Time is running out! Grab the dining table before the clock hits zero!,1
"The listed price for ride-hailing app is final, no hidden charges.",0
Your free trial of board game ends on September 30.,0
Time is running out! Grab the tutoring platform before the clock hits zero!,1
Your cart contains 2 items.,0
Language-learning app is available for pre-order.,0
You'll regret it forever if you skip this stock trading app deal.,1
"Backpack specifications: dimensions, weight, and material listed below.",0
This banking app comes with a 1-year manufacturer warranty.,0
Bicycle helmet is available in three colours.,0
Auto-renewal for music streaming app is pre-checked and easy to miss at checkout.,1
"No thanks, I prefer paying full price for external hard drive.",1
"Your order total for premium plan is ₹1,249 including taxes.",0
Gaming mouse is available in three colours.,0
"Your e-book subscription is only ₹499, extra fees will appear at the final step.",1
"All your friends already own camera lens, catch up now!",1
"Electric kettle offers a 7-day free trial, cancel anytime before it ends.",0
Your free trial of external hard drive ends on September 30.,0
"Yes, I want to save big on fitness app vs No, I hate saving money",1
"Insurance plan offers a 7-day free trial, cancel anytime before it ends.",0
Save ₹200 on photo editing app with code SAVE200.,0
"We'll renew your air fryer without a reminder email, as stated deep in section 14.3.",1
"We'll renew your budgeting app without a reminder email, as stated deep in section 14.3.",1
Are you sure you want to miss this amazing opportunity on board shorts?,1
Are you sure you want to miss this amazing opportunity on photo editing app?,1
Premium upsell for streaming service is already ticked before you review your cart.,1
Get meditation app for free! (Only after purchasing three other full-price items.),1
Streaming service is available for pre-order.,0
Go to the cart page to view your order.,0
"Stay stuck with a worse skincare set experience, or upgrade like everyone smart does.",1
Only black is currently available for dining table.,0
"Confirm payment for electric kettle quickly, hesitating may cancel your entire order.",1
"Everyone is racing for the last stock trading app, don't be too late!",1
Only 1 smartwatch left! Buy now before it's gone!,1
Hurry! The pro subscription deal disappears in 5 minutes!,1
Cancelling e-book subscription takes effect at the end of the current billing cycle.,0
Are you REALLY sure? Cancelling camera lens will destroy your saved progress forever.,1
Price of travel pillow: ₹999.,0
Buy meditation app right now or lose this exclusive access permanently!,1
"Confirm payment for laptop bag quickly, hesitating may cancel your entire order.",1
office chair renewal happens silently unless you find the well-hidden opt-out.,1
"Real professionals never use the free version of photo editing app, upgrade immediately!",1
"Only losers stay on the basic plan, upgrade your kids' bicycle now!",1
"Real professionals never use the free version of running shoes, upgrade immediately!",1
"Only losers stay on the basic plan, upgrade your audiobook service now!",1
Only 1 bluetooth speaker left! Buy now before it's gone!,1
"No thanks, I prefer paying full price for cloud storage plan.",1
"Dining table specifications: dimensions, weight, and material listed below.",0
Voted best wireless headphones by everyone! (No actual voting ever took place.),1
Webcam is in stock.,0
Estimated delivery for bluetooth speaker: 3-5 business days.,0
"Travel pillow specifications: dimensions, weight, and material listed below.",0
"Confirm payment for camera lens quickly, hesitating may cancel your entire order.",1
Extremely limited: fewer than 3 units of bookshelf left in the world!,1
Cancelling music streaming app takes effect at the end of the current billing cycle.,0
Buy now,0
Sale on news subscription ends in 00:00:07... but resets every time you refresh!,1
We'll only remember you liked sunglasses if you allow full tracking everywhere.,1
"Skip protection on VPN service and risk losing your money forever (not recommended, click X to proceed).",1
You must create an account to even see the price of dining table.,1
"No thanks, I prefer paying full price for recipe book.",1
Food delivery app includes a 2-year warranty against manufacturing defects.,0
Extremely limited: fewer than 3 units of ceramic mug set left in the world!,1
"Your order total for skincare set is ₹1,249 including taxes.",0
Your free access to smartwatch will silently convert to a paid plan with no reminder.,1
GST of 18% is included in the price of dining table.,0
Board shorts is currently out of stock.,0
Only black is currently available for noise-cancelling earbuds.,0
"Your music streaming app is only ₹499, extra fees will appear at the final step.",1
Free trial of bookshelf ends today. You will be charged ₹499 tomorrow unless you cancel.,0
"No, I don't want to save money on my standing desk.",1
"Free language-learning app forever! (Actually free for 24 hours only, not disclosed upfront.)",1
Battery life of insurance plan: up to 20 hours on a single charge.,0
GST of 18% is included in the price of electric toothbrush.,0
Order confirmed: your dating app has been placed successfully.,0
Your electric toothbrush subscription renews at ₹499 per month.,0
Yoga mat has an average rating of 4.2 out of 5.,0
Dating app is currently out of stock.,0
"Without stock trading app, your data could be stolen tonight!",1
"No thanks, I don't care about my own savings on skincare set.",1
Select 'No' below if you do not wish to decline updates about food delivery app.,1
"Pro subscription offers a 7-day free trial, cancel anytime before it ends.",0
We value your privacy! (Reject button disabled until you scroll through ads for recipe app.),1
Sale on insurance plan ends in 00:00:07... but resets every time you refresh!,1
Price of music streaming app: ₹999.,0
"Enjoy running shoes free today, we'll handle the rest quietly later.",1
Don't miss out! Everyone else is buying board game.,1
"Cloud storage plan specifications: dimensions, weight, and material listed below.",0
Grant location access to personalize your backpack experience (mandatory for checkout).,1
Office chair includes a 2-year warranty against manufacturing defects.,0
You can cancel sunglasses anytime! (Cancel button is hidden behind 6 nested menus.),1
Battery life of stock trading app: up to 20 hours on a single charge.,0
Read verified customer reviews for budgeting app.,0
Your air fryer will arrive between Monday and Wednesday.,0
Price of meditation app: ₹999.,0
Running shoes can be returned within 30 days of delivery.,0
"I'll pass, I enjoy overpaying for travel pillow every month.",1
"No thanks, I prefer paying full price for bluetooth speaker.",1
Laptop bag is currently out of stock.,0
GST of 18% is included in the price of protein powder.,0
"Click here for the ₹1 premium plan, then get upsold to the full-price version.",1
You can cancel hotel booking app anytime! (Cancel button is hidden behind 6 nested menus.),1
Estimated delivery for denim jacket: 3-5 business days.,0
"Unlock my e-book subscription discount vs No thanks, I like paying more",1
Cancelling pro subscription takes effect at the end of the current billing cycle.,0
Browsing budgeting app details requires handing over your phone number first.,1
You can cancel your photo editing app subscription from account settings.,0
Gaming subscription is currently out of stock.,0
"Purchase gaming mouse immediately, this window will not reappear!",1
This offer on electric toothbrush vanishes the moment you leave this page!,1
Enter your card details now and we'll charge you automatically for stock trading app.,1
"desk lamp costs ₹999, plus a mystery convenience fee added later.",1
GST of 18% is included in the price of yoga mat.,0
You can cancel your travel booking site subscription from account settings.,0
"Buy running shoes now or face the consequences later, you've been warned.",1
Accept all data sharing to unlock exclusive recipe book offers instantly.,1
You'll regret it forever if you skip this VPN service deal.,1
You can accept or reject optional cookies before browsing office chair.,0
"Your stock trading app is only ₹499, extra fees will appear at the final step.",1
"Get subscription box free! (Shipping and handling fees apply, revealed at checkout.)",1
"Without smartwatch, your data could be stolen tonight!",1
Water bottle is available in three colours.,0
Cancelling noise-cancelling earbuds takes effect at the end of the current billing cycle.,0
Free shipping on skincare set for orders above ₹999.,0
Enter your card details now and we'll charge you automatically for insurance plan.,1
Enter your card details now and we'll charge you automatically for water bottle.,1
"We'll renew your sunglasses without a reminder email, as stated deep in section 14.3.",1
Battery life of yoga mat: up to 20 hours on a single charge.,0
"Enjoy tutoring platform free today, we'll handle the rest quietly later.",1
Recommended for you: board game (actually just the highest-margin item we sell).,1
Only black is currently available for board shorts.,0
Your cloud backup service subscription renews at ₹499 per month.,0
Skip recipe app and risk losing everything you've worked for.,1
Uncheck this box if you don't not want to stop receiving project management tool offers.,1
"To cancel skincare set, call our support line only available 2am-3am on Tuesdays.",1
Recommended article: 'Why backpack changed my life' (secretly a paid ad).,1
Price of kids' bicycle: ₹999.,0
Cancelling VPN service takes effect at the end of the current billing cycle.,0
Music streaming app subscription can be cancelled anytime from account settings.,0
"To cancel dining table, go to Settings > Subscriptions > Cancel.",0
"Guest checkout for skincare set is disabled without warning, forcing signup.",1
Recommended for you: protein powder (actually just the highest-margin item we sell).,1
"Camera lens costs ₹1,499 including all standard fees.",0
"Your hotel booking app renews automatically, details hidden in a collapsed section nobody opens.",1
Your free access to hiking boots will silently convert to a paid plan with no reminder.,1
"Massive noise-cancelling earbuds discount, but the 'original price' never existed.",1
Track your dating app shipment using the link in your email.,0
"You don't want to be the only person without dining table, do you?",1
"Real professionals never use the free version of sunglasses, upgrade immediately!",1
"premium plan is 100% free! (Card required, auto-charged after 3 days, no reminder sent.)",1
This camera lens comes with a 1-year manufacturer warranty.,0
Hurry! The bicycle helmet deal disappears in 5 minutes!,1
Estimated delivery for travel booking site: 3-5 business days.,0
"Real professionals never use the free version of noise-cancelling earbuds, upgrade immediately!",1
Save ₹200 on music streaming app with code SAVE200.,0
This is your only chance to ever get webcam at this price!,1
Only black is currently available for stock trading app.,0
Save ₹200 on wireless headphones with code SAVE200.,0
Get online course for free! (Only after purchasing three other full-price items.),1
Checkout price for external hard drive does not include the surprise service charge.,1
Countdown timer for cookware set discount restarts if you leave and come back.,1
"Only losers stay on the basic plan, upgrade your VPN service now!",1
Free wireless headphones with your order! (Shipping fee mysteriously equals full price.),1
"Insurance plan specifications: dimensions, weight, and material listed below.",0
97 people are viewing this yoga mat right now. Buy before they do!,1
Select 'No' below if you do not wish to decline updates about audiobook service.,1
Free shipping on cloud storage plan for orders above ₹999.,0
This budgeting app comes with a 1-year manufacturer warranty.,0
Your order has been placed.,0
Price of cookware set: ₹999.,0
Premium upsell for gaming subscription is already ticked before you review your cart.,1
This kids' bicycle comes with a 1-year manufacturer warranty.,0
Only 1 hiking boots left! Buy now before it's gone!,1
Premium upsell for tutoring platform is already ticked before you review your cart.,1
"Everyone is racing for the last noise-cancelling earbuds, don't be too late!",1
"We'll renew your antivirus subscription without a reminder email, as stated deep in section 14.3.",1
Countdown timer for sunglasses discount restarts if you leave and come back.,1
"Your camera lens renews automatically, details hidden in a collapsed section nobody opens.",1
Go to the account settings page to view your order.,0
Are you sure you want to miss this amazing opportunity on project management tool?,1
Skip running shoes and risk losing everything you've worked for.,1
"Your order total for sunglasses is ₹1,249 including taxes.",0
Accept All is highlighted in bold while Reject is hidden in tiny grey text on the audiobook service page.,1
"Totally free trial of vacuum cleaner, terms about billing buried in tiny footnotes.",1
Desk lamp is 20% off this week.,0
This flash sale on coffee maker has 'ended' 12 times today already.,1
Advertised travel booking site bundle actually ships a smaller version once ordered.,1
Payment successful for your ceramic mug set order.,0
Read verified customer reviews for camera lens.,0
Your antivirus subscription will arrive between Monday and Wednesday.,0
Extremely limited: fewer than 3 units of travel pillow left in the world!,1
"Air fryer costs ₹1,499 including all standard fees.",0
"webcam is 100% free! (Card required, auto-charged after 3 days, no reminder sent.)",1
Track your camera lens shipment using the link in your email.,0
Premium plan is 20% off this week.,0
Countdown timer for photo editing app discount restarts if you leave and come back.,1
"Thousands are buying gaming subscription today, don't be left behind!",1
"Thousands are buying cloud storage plan today, don't be left behind!",1
Act now! Your discount on protein powder expires in 2 minutes!,1
Customers who viewed banking app also viewed similar products.,0
"The listed price for external hard drive is final, no hidden charges.",0
"Your travel pillow is only ₹499, extra fees will appear at the final step.",1
"The listed price for tent is final, no hidden charges.",0
Hiking boots weighs approximately 500 grams.,0
"Confirm payment for VPN service quickly, hesitating may cancel your entire order.",1
"You don't want to be the only person without tutoring platform, do you?",1
Get hotel booking app for free! (Only after purchasing three other full-price items.),1
Save ₹200 on dining table with code SAVE200.,0
"No, I don't want to save money on my desk lamp.",1
"The listed price for bicycle helmet is final, no hidden charges.",0
kids' bicycle is the #1 bestseller worldwide! (No source or data provided.),1
Your camera lens subscription renews at ₹499 per month.,0
Insurance plan is in stock.,0
Track your board shorts shipment using the link in your email.,0
Price of recipe app: ₹999.,0
GST of 18% is included in the price of water bottle.,0
Your free access to banking app will silently convert to a paid plan with no reminder.,1
"Denim jacket specifications: dimensions, weight, and material listed below.",0
Office chair is in stock.,0
You can cancel your meal kit service subscription from account settings.,0
97 people are viewing this online course right now. Buy before they do!,1
Estimated delivery for subscription box: 3-5 business days.,0
Price of hiking boots: ₹999.,0
This offer on travel booking site vanishes the moment you leave this page!,1
Manage your cookie preferences for gaming mouse at any time in settings.,0
"To reject cookies on the denim jacket page, click through 5 confusing sub-menus.",1
"The listed price for dating app is final, no hidden charges.",0
Your hotel booking app subscription renews at ₹499 per month.,0
"board shorts costs ₹999, plus a mystery convenience fee added later.",1
Save ₹200 on vacuum cleaner with code SAVE200.,0
"To cancel fitness app, call our support line only available 2am-3am on Tuesdays.",1
Go to the checkout page to view your order.,0
Recommended article: 'Why fitness app changed my life' (secretly a paid ad).,1
GST of 18% is included in the price of camera lens.,0
Cancelling food delivery app takes effect at the end of the current billing cycle.,0
This project management tool comes with a 1-year manufacturer warranty.,0
"Massive dining table discount, but the 'original price' never existed.",1
"travel booking site is 100% free! (Card required, auto-charged after 3 days, no reminder sent.)",1
Customers who viewed travel booking site also viewed similar products.,0
You will be billed ₹299 monthly for office chair until you cancel.,0
"Your order total for noise-cancelling earbuds is ₹1,249 including taxes.",0
Wireless headphones includes a 2-year warranty against manufacturing defects.,0
You will be billed ₹299 monthly for language-learning app until you cancel.,0
"To cancel hotel booking app, go to Settings > Subscriptions > Cancel.",0
"Your dating app is only ₹499, extra fees will appear at the final step.",1
"Massive yoga mat discount, but the 'original price' never existed.",1
Desk lamp has an average rating of 4.2 out of 5.,0
Don't miss out! Everyone else is buying sunglasses.,1
Estimated delivery for banking app: 3-5 business days.,0
Accept all data sharing to unlock exclusive music streaming app offers instantly.,1
Payment successful for your backpack order.,0
Don't miss out! Everyone else is buying language-learning app.,1
Estimated delivery for antivirus subscription: 3-5 business days.,0
Your free trial of air fryer ends on September 30.,0
Your ride-hailing app subscription renews at ₹499 per month.,0
Cookware set is available in three colours.,0
Track your board game shipment using the link in your email.,0
Travel insurance for your coffee maker order is pre-selected by default.,1
"Almost sold out! Just a few bookshelf remain, grab yours instantly!",1
Your cart contains 1 bookshelf.,0
Tax breakdown for standing desk is shown clearly at checkout.,0
Free trial of bicycle helmet ends today. You will be charged ₹499 tomorrow unless you cancel.,0
Accept all data sharing to unlock exclusive VPN service offers instantly.,1
Premium upsell for running shoes is already ticked before you review your cart.,1
Select 'No' below if you do not wish to decline updates about photo editing app.,1
Travel insurance for your online course order is pre-selected by default.,1
This offer on audiobook service vanishes the moment you leave this page!,1
'Best match' noise-cancelling earbuds is really just our most overstocked item.,1
"travel pillow is 100% free! (Card required, auto-charged after 3 days, no reminder sent.)",1
Checkout price for photo editing app does not include the surprise service charge.,1
"To reject cookies on the online course page, click through 5 confusing sub-menus.",1
Order confirmed: your bookshelf has been placed successfully.,0
Recommended article: 'Why dining table changed my life' (secretly a paid ad).,1
Recommended article: 'Why travel booking site changed my life' (secretly a paid ad).,1
Browsing recipe app details requires handing over your phone number first.,1
"Buy bluetooth speaker now or face the consequences later, you've been warned.",1
Tax breakdown for camera lens is shown clearly at checkout.,0
"Unlock my board game discount vs No thanks, I like paying more",1
"Skip protection on antivirus subscription and risk losing your money forever (not recommended, click X to proceed).",1
Get electric toothbrush for free! (Only after purchasing three other full-price items.),1
Subscription box is in stock.,0
Track your skincare set shipment using the link in your email.,0
"Your subscription box renews automatically, details hidden in a collapsed section nobody opens.",1
Payment successful for your cookware set order.,0
"Without fitness app, your data could be stolen tonight!",1
GST of 18% is included in the price of office chair.,0
"Ride-hailing app specifications: dimensions, weight, and material listed below.",0
"Your smartwatch renews automatically, details hidden in a collapsed section nobody opens.",1
Act now! Your discount on meditation app expires in 2 minutes!,1
Sign up for travel pillow and your card will be billed without further confirmation.,1
Shipping for recipe book is ₹50.,0
Shipping for bookshelf is ₹50.,0
"Try running shoes risk-free, terms are in the fine print you'll never read.",1
Payment successful for your travel pillow order.,0
Your cart contains 1 banking app.,0
Return policy for garden hose: full refund if unused and in original packaging.,0
Cancelling premium plan requires mailing a signed letter to our headquarters.,1
Your hotel booking app will arrive between Monday and Wednesday.,0
"Almost sold out! Just a few cookware set remain, grab yours instantly!",1
Select 'No' below if you do not wish to decline updates about recipe book.,1
Grant location access to personalize your wireless headphones experience (mandatory for checkout).,1
Cancelling board shorts takes effect at the end of the current billing cycle.,0
Your free access to bookshelf will silently convert to a paid plan with no reminder.,1
Gaming mouse is in stock.,0
"Unlock my language-learning app discount vs No thanks, I like paying more",1
Recipe book includes a 2-year warranty against manufacturing defects.,0
"Massive tent discount, but the 'original price' never existed.",1
Hurry! The photo editing app deal disappears in 5 minutes!,1
Get cloud storage plan for free! (Only after purchasing three other full-price items.),1
"Coffee maker specifications: dimensions, weight, and material listed below.",0
Travel pillow is 20% off this week.,0
Shipping for cloud backup service is ₹50.,0
Cloud storage plan can be returned within 30 days of delivery.,0
Tax breakdown for e-book subscription is shown clearly at checkout.,0
"No, I don't want to save money on my meditation app.",1
"Get phone case free! (Shipping and handling fees apply, revealed at checkout.)",1
You will be billed ₹299 monthly for fitness app until you cancel.,0
Cancelling yoga mat takes effect at the end of the current billing cycle.,0
Only black is currently available for ceramic mug set.,0
"Without travel booking site, your data could be stolen tonight!",1
You can cancel your camera lens subscription from account settings.,0
Shipping for gaming mouse is ₹50.,0
"Don't let your family down, buy the travel pillow today.",1
"Don't let your family down, buy the vacuum cleaner today.",1
Ceramic mug set weighs approximately 500 grams.,0
Enter your card details now and we'll charge you automatically for kids' bicycle.,1
"No thanks, I don't care about my own savings on insurance plan.",1
Checkout price for water bottle does not include the surprise service charge.,1
Save ₹200 on bluetooth speaker with code SAVE200.,0
Free shipping on gaming mouse for orders above ₹999.,0
"Claim my noise-cancelling earbuds now! vs No, I'll regret this forever",1
You can cancel your board shorts subscription from account settings.,0
Recommended for you: external hard drive (actually just the highest-margin item we sell).,1
Cancelling stock trading app takes effect at the end of the current billing cycle.,0
Your external hard drive subscription renews at ₹499 per month.,0
Ride-hailing app is 20% off this week.,0
"I'll pass, I enjoy overpaying for standing desk every month.",1
GST of 18% is included in the price of recipe app.,0
This offer on dining table vanishes the moment you leave this page!,1
"sunglasses is 100% free! (Card required, auto-charged after 3 days, no reminder sent.)",1
Battery life of travel booking site: up to 20 hours on a single charge.,0
Battery life of bluetooth speaker: up to 20 hours on a single charge.,0
Battery life of running shoes: up to 20 hours on a single charge.,0
"Real professionals never use the free version of smartwatch, upgrade immediately!",1
"To cancel gaming subscription, go to Settings > Subscriptions > Cancel.",0
Free premium plan with your order! (Shipping fee mysteriously equals full price.),1
"Complete your laptop bag order now, leaving means losing your cart forever!",1
You can cancel noise-cancelling earbuds anytime! (Cancel button is hidden behind 6 nested menus.),1
Dining table is available for pre-order.,0
"The listed price for antivirus subscription is final, no hidden charges.",0
You will be billed ₹299 monthly for ceramic mug set until you cancel.,0
You must create an account to even see the price of pro subscription.,1
Customers who viewed wireless headphones also viewed similar products.,0
Noise-cancelling earbuds is in stock.,0
"To cancel laptop bag, call our support line only available 2am-3am on Tuesdays.",1
"Only losers stay on the basic plan, upgrade your coffee maker now!",1
"Stay stuck with a worse streaming service experience, or upgrade like everyone smart does.",1
noise-cancelling earbuds is the #1 bestseller worldwide! (No source or data provided.),1
This flash sale on e-book subscription has 'ended' 12 times today already.,1
Enter your card details now and we'll charge you automatically for garden hose.,1
"Your order total for laptop bag is ₹1,249 including taxes.",0
This recipe app comes with a 1-year manufacturer warranty.,0
Free trial of audiobook service ends today. You will be charged ₹499 tomorrow unless you cancel.,0
You can cancel your subscription box subscription from account settings.,0
This flash sale on air fryer has 'ended' 12 times today already.,1
GST of 18% is included in the price of cookware set.,0
Browsing noise-cancelling earbuds details requires handing over your phone number first.,1
Accept all data sharing to unlock exclusive recipe app offers instantly.,1
Sponsored content about antivirus subscription disguised as independent editorial advice.,1
"No thanks, I don't care about my own savings on hiking boots.",1
"Premium plan offers a 7-day free trial, cancel anytime before it ends.",0
Garden hose is currently out of stock.,0
Cancelling kids' bicycle requires mailing a signed letter to our headquarters.,1
"Your order total for banking app is ₹1,249 including taxes.",0
"The listed price for cloud backup service is final, no hidden charges.",0
Save ₹200 on cookware set with code SAVE200.,0
Your free access to external hard drive will silently convert to a paid plan with no reminder.,1
"No thanks, I don't care about my own savings on tutoring platform.",1
This gaming subscription comes with a 1-year manufacturer warranty.,0
"To reject cookies on the tutoring platform page, click through 5 confusing sub-menus.",1
"To cancel smartwatch, go to Settings > Subscriptions > Cancel.",0
Only 1 running shoes left! Buy now before it's gone!,1
Shipping for tutoring platform is ₹50.,0
Only black is currently available for external hard drive.,0
"Almost sold out! Just a few language-learning app remain, grab yours instantly!",1
GST of 18% is included in the price of hotel booking app.,0
Only 1 insurance plan left! Buy now before it's gone!,1
"Our top pick, board game, is only shown because the seller paid extra.",1
You must create an account to even see the price of yoga mat.,1
Return policy for meal kit service: full refund if unused and in original packaging.,0
"No thanks, I don't care about my own savings on language-learning app.",1
Travel insurance for your meal kit service order is pre-selected by default.,1
"Try travel booking site risk-free, terms are in the fine print you'll never read.",1
"Unlock my insurance plan discount vs No thanks, I like paying more",1
This 'user review' praising cloud backup service was written and paid for by the seller.,1
"We'll renew your yoga mat without a reminder email, as stated deep in section 14.3.",1
Budgeting app weighs approximately 500 grams.,0
'Best match' camera lens is really just our most overstocked item.,1
Your backpack will arrive between Monday and Wednesday.,0
You will be billed ₹299 monthly for dating app until you cancel.,0
Customers who viewed antivirus subscription also viewed similar products.,0
Your free trial of water bottle ends on September 30.,0
We'll only remember you liked project management tool if you allow full tracking everywhere.,1
"Click here for the ₹1 insurance plan, then get upsold to the full-price version.",1
Battery life of ride-hailing app: up to 20 hours on a single charge.,0
Recipe app includes a 2-year warranty against manufacturing defects.,0
"To reject cookies on the cloud storage plan page, click through 5 confusing sub-menus.",1
"Stay stuck with a worse coffee maker experience, or upgrade like everyone smart does.",1
"No, I don't want to save money on my stock trading app.",1
We value your privacy! (Reject button disabled until you scroll through ads for project management tool.),1
Water bottle is in stock.,0
Estimated delivery for online course: 3-5 business days.,0
Free shipping on electric kettle for orders above ₹999.,0
Time is running out! Grab the bluetooth speaker before the clock hits zero!,1
'Best match' tutoring platform is really just our most overstocked item.,1
Free shipping on fitness app for orders above ₹999.,0
"No thanks, I don't care about my own savings on gaming mouse.",1
Customers who viewed streaming service also viewed similar products.,0
Travel insurance for your standing desk order is pre-selected by default.,1
Claim your free bookshelf! (Requires a non-refundable 'processing fee' first.),1
Act now! Your discount on gaming mouse expires in 2 minutes!,1
Sponsored content about denim jacket disguised as independent editorial advice.,1
"Without cookware set, your data could be stolen tonight!",1
"Click here for the ₹1 fitness app, then get upsold to the full-price version.",1
Read verified customer reviews for fitness app.,0
Tax breakdown for streaming service is shown clearly at checkout.,0
"Wait! Cancelling skincare set means losing access to everything, are you sure?",1
recipe app is the #1 bestseller worldwide! (No source or data provided.),1
Laptop bag is available for pre-order.,0
Leave unchecked to opt out of not being unsubscribed from hiking boots emails.,1
You can cancel your gaming mouse subscription from account settings.,0
Extremely limited: fewer than 3 units of phone case left in the world!,1
Sponsored content about e-book subscription disguised as independent editorial advice.,1
Cancelling vacuum cleaner takes effect at the end of the current billing cycle.,0
"Was ₹9999, now ₹999 on backpack! (Original price was never actually charged.)",1
Garden hose weighs approximately 500 grams.,0
Protein powder includes a 2-year warranty against manufacturing defects.,0
Board shorts is available for pre-order.,0
Customers who viewed vacuum cleaner also viewed similar products.,0
"Wait! Cancelling hiking boots means losing access to everything, are you sure?",1
"Try budgeting app risk-free, terms are in the fine print you'll never read.",1
Go to the pricing page to view your order.,0
This offer on meal kit service vanishes the moment you leave this page!,1
"Get electric toothbrush free! (Shipping and handling fees apply, revealed at checkout.)",1
Your external hard drive will arrive between Monday and Wednesday.,0
"Everyone is racing for the last bluetooth speaker, don't be too late!",1
Your streaming service will arrive between Monday and Wednesday.,0
Browsing food delivery app details requires handing over your phone number first.,1
Webcam can be returned within 30 days of delivery.,0
Accept all data sharing to unlock exclusive running shoes offers instantly.,1
Call us at our helpline,0
Skip gaming mouse and risk losing everything you've worked for.,1
Music streaming app includes a 2-year warranty against manufacturing defects.,0
Free shipping on sunglasses for orders above ₹999.,0
Tent subscription can be cancelled anytime from account settings.,0
Advertised gaming subscription bundle actually ships a smaller version once ordered.,1
Checkout price for denim jacket does not include the surprise service charge.,1
Get project management tool for free! (Only after purchasing three other full-price items.),1
Subscription box includes a 2-year warranty against manufacturing defects.,0
Cloud backup service weighs approximately 500 grams.,0
Skip office chair and risk losing everything you've worked for.,1
Denim jacket is available for pre-order.,0
Streaming service is available in three colours.,0
Your bicycle helmet subscription renews at ₹499 per month.,0
You will be billed ₹299 monthly for online course until you cancel.,0
"webcam costs ₹999, plus a mystery convenience fee added later.",1
Tax breakdown for dining table is shown clearly at checkout.,0
We value your privacy! (Reject button disabled until you scroll through ads for office chair.),1
Cancelling meal kit service requires mailing a signed letter to our headquarters.,1
Save ₹200 on gaming mouse with code SAVE200.,0
Your photo editing app will arrive between Monday and Wednesday.,0
Read verified customer reviews for cookware set.,0
Tax breakdown for dating app is shown clearly at checkout.,0
"Skip protection on stock trading app and risk losing your money forever (not recommended, click X to proceed).",1
"Our top pick, budgeting app, is only shown because the seller paid extra.",1
Cancelling language-learning app takes effect at the end of the current billing cycle.,0
"Click here for the ₹1 electric kettle, then get upsold to the full-price version.",1
"Everyone is racing for the last budgeting app, don't be too late!",1
"Massive language-learning app discount, but the 'original price' never existed.",1
"Wait! Cancelling meditation app means losing access to everything, are you sure?",1
Subscription box weighs approximately 500 grams.,0
Save ₹200 on phone case with code SAVE200.,0
"Noise-cancelling earbuds costs ₹1,499 including all standard fees.",0
Are you sure you want to miss this amazing opportunity on gaming mouse?,1
Price of dining table: ₹999.,0
Claim your free streaming service! (Requires a non-refundable 'processing fee' first.),1
"Your order total for online course is ₹1,249 including taxes.",0
"Coffee maker offers a 7-day free trial, cancel anytime before it ends.",0
Cancelling tutoring platform takes effect at the end of the current billing cycle.,0
Get premium plan for free! (Only after purchasing three other full-price items.),1
Shipping for meal kit service is ₹50.,0
"Only losers stay on the basic plan, upgrade your board shorts now!",1
Free shipping on laptop bag for orders above ₹999.,0
Your dining table subscription renews at ₹499 per month.,0
You can cancel your water bottle subscription from account settings.,0
"Massive desk lamp discount, but the 'original price' never existed.",1
"Get gaming subscription free! (Shipping and handling fees apply, revealed at checkout.)",1
Save ₹200 on cloud backup service with code SAVE200.,0
"Almost sold out! Just a few insurance plan remain, grab yours instantly!",1
Free trial of protein powder ends today. You will be charged ₹499 tomorrow unless you cancel.,0
"Don't let your family down, buy the stock trading app today.",1
Uncheck this box if you don't not want to stop receiving ride-hailing app offers.,1
Buy food delivery app right now or lose this exclusive access permanently!,1
Estimated delivery for travel pillow: 3-5 business days.,0
Your free trial of hiking boots ends on September 30.,0
"I'll pass, I enjoy overpaying for vacuum cleaner every month.",1
Cancelling smartwatch takes effect at the end of the current billing cycle.,0
Your tutoring platform subscription renews at ₹499 per month.,0
This air fryer comes with a 1-year manufacturer warranty.,0
"You don't want to be the only person without travel pillow, do you?",1
Estimated delivery for water bottle: 3-5 business days.,0
"meditation app costs ₹999, plus a mystery convenience fee added later.",1
"Complete your office chair order now, leaving means losing your cart forever!",1
Claim your free cookware set! (Requires a non-refundable 'processing fee' first.),1
Only black is currently available for streaming service.,0
Only 1 food delivery app left! Buy now before it's gone!,1
Free shipping on travel booking site for orders above ₹999.,0
Customers who viewed bicycle helmet also viewed similar products.,0
Sort by price,0
Project management tool subscription can be cancelled anytime from account settings.,0
Free shipping on subscription box for orders above ₹999.,0
Start your free trial of air fryer now! Don't worry about payment details.,1
Cancelling bookshelf requires mailing a signed letter to our headquarters.,1
Only 1 electric toothbrush left! Buy now before it's gone!,1
"Your insurance plan is only ₹499, extra fees will appear at the final step.",1
"tutoring platform is 100% free! (Card required, auto-charged after 3 days, no reminder sent.)",1
Free trial of cloud storage plan ends today. You will be charged ₹499 tomorrow unless you cancel.,0
Price of camera lens: ₹999.,0
'Best match' meditation app is really just our most overstocked item.,1
Return policy for coffee maker: full refund if unused and in original packaging.,0
Return policy for office chair: full refund if unused and in original packaging.,0
"Laptop bag costs ₹1,499 including all standard fees.",0
Track your denim jacket shipment using the link in your email.,0
"Enjoy garden hose free today, we'll handle the rest quietly later.",1
"I'll pass, I enjoy overpaying for hotel booking app every month.",1
"Totally free trial of news subscription, terms about billing buried in tiny footnotes.",1
Coffee maker is in stock.,0
Budgeting app is 20% off this week.,0
"23 people just bought this VPN service in the last hour, don't miss out!",1
"Without travel pillow, your data could be stolen tonight!",1
Shipping for noise-cancelling earbuds is ₹50.,0
97 people are viewing this dining table right now. Buy before they do!,1
Time is running out! Grab the travel pillow before the clock hits zero!,1
Voted best ceramic mug set by everyone! (No actual voting ever took place.),1
"Your order total for fitness app is ₹1,249 including taxes.",0
Your phone case subscription renews at ₹499 per month.,0
Only black is currently available for news subscription.,0
Only black is currently available for hiking boots.,0
You'll regret it forever if you skip this garden hose deal.,1
"Get insurance plan free! (Shipping and handling fees apply, revealed at checkout.)",1
Coffee maker is available in three colours.,0
Order confirmed: your yoga mat has been placed successfully.,0
"Almost sold out! Just a few noise-cancelling earbuds remain, grab yours instantly!",1
Price of sunglasses: ₹999.,0
"Get news subscription free! (Shipping and handling fees apply, revealed at checkout.)",1
Your dating app subscription renews at ₹499 per month.,0
Act now! Your discount on cloud storage plan expires in 2 minutes!,1
Uncheck this box if you don't not want to stop receiving standing desk offers.,1
Time is running out! Grab the phone case before the clock hits zero!,1
Only 1 yoga mat left! Buy now before it's gone!,1
"Our top pick, VPN service, is only shown because the seller paid extra.",1
E-book subscription includes a 2-year warranty against manufacturing defects.,0
Voted best garden hose by everyone! (No actual voting ever took place.),1
Your free access to music streaming app will silently convert to a paid plan with no reminder.,1
Price of ceramic mug set: ₹999.,0
Countdown timer for yoga mat discount restarts if you leave and come back.,1
"Your tutoring platform renews automatically, details hidden in a collapsed section nobody opens.",1
"Real professionals never use the free version of bookshelf, upgrade immediately!",1
Track your air fryer shipment using the link in your email.,0
"By cancelling smartwatch, you agree you'll never get this deal again, confirm?",1
Your free access to camera lens will silently convert to a paid plan with no reminder.,1
Return policy for banking app: full refund if unused and in original packaging.,0
Get bicycle helmet for free! (Only after purchasing three other full-price items.),1
Track your kids' bicycle shipment using the link in your email.,0
Cancelling news subscription takes effect at the end of the current billing cycle.,0
Vacuum cleaner can be returned within 30 days of delivery.,0
"I'll pass, I enjoy overpaying for music streaming app every month.",1
Voted best electric kettle by everyone! (No actual voting ever took place.),1
Premium upsell for insurance plan is already ticked before you review your cart.,1
"Gaming subscription specifications: dimensions, weight, and material listed below.",0
Your cart contains 1 news subscription.,0
"Thousands are buying bluetooth speaker today, don't be left behind!",1
E-book subscription is in stock.,0
External hard drive is 20% off this week.,0
Electric kettle can be returned within 30 days of delivery.,0
"News subscription offers a 7-day free trial, cancel anytime before it ends.",0
Save ₹200 on noise-cancelling earbuds with code SAVE200.,0
You will be billed ₹299 monthly for laptop bag until you cancel.,0
"Purchase bicycle helmet immediately, this window will not reappear!",1
Battery life of electric kettle: up to 20 hours on a single charge.,0
Browsing bicycle helmet details requires handing over your phone number first.,1
Hurry! The running shoes deal disappears in 5 minutes!,1
Shipping for water bottle is ₹50.,0
Save ₹200 on antivirus subscription with code SAVE200.,0
Order confirmed: your e-book subscription has been placed successfully.,0
Dining table is in stock.,0
You'll regret it forever if you skip this antivirus subscription deal.,1
Only black is currently available for sunglasses.,0
You must create an account to even see the price of board game.,1
"Claim my travel booking site now! vs No, I'll regret this forever",1
"Only losers stay on the basic plan, upgrade your gaming subscription now!",1
Customers who viewed online course also viewed similar products.,0
"Claim my office chair now! vs No, I'll regret this forever",1
This hiking boots comes with a 1-year manufacturer warranty.,0
"Purchase travel booking site immediately, this window will not reappear!",1
Your cart contains 1 fitness app.,0
'Best match' sunglasses is really just our most overstocked item.,1
"Your order total for music streaming app is ₹1,249 including taxes.",0
Are you sure you want to miss this amazing opportunity on garden hose?,1
Act now! Your discount on noise-cancelling earbuds expires in 2 minutes!,1
Your free trial of language-learning app ends on September 30.,0
"I'll pass, I enjoy overpaying for recipe book every month.",1
You can cancel your audiobook service subscription from account settings.,0
This is your only chance to ever get gaming subscription at this price!,1
Audiobook service can be returned within 30 days of delivery.,0
Travel insurance for your news subscription order is pre-selected by default.,1
Sale on banking app ends in 00:00:07... but resets every time you refresh!,1
Act now! Your discount on external hard drive expires in 2 minutes!,1
Claim your free insurance plan! (Requires a non-refundable 'processing fee' first.),1
Claim your free noise-cancelling earbuds! (Requires a non-refundable 'processing fee' first.),1
"Massive audiobook service discount, but the 'original price' never existed.",1
Desk lamp is available in three colours.,0
This board game comes with a 1-year manufacturer warranty.,0
We'll only remember you liked cloud backup service if you allow full tracking everywhere.,1
This language-learning app comes with a 1-year manufacturer warranty.,0
"VPN service is 100% free! (Card required, auto-charged after 3 days, no reminder sent.)",1
Yoga mat can be returned within 30 days of delivery.,0
Estimated delivery for electric toothbrush: 3-5 business days.,0
Only black is currently available for protein powder.,0
"To cancel backpack, go to Settings > Subscriptions > Cancel.",0
Kids' bicycle is 20% off this week.,0
Start your free trial of online course now! Don't worry about payment details.,1
Smartwatch is in stock.,0
Are you sure you want to miss this amazing opportunity on webcam?,1
Yoga mat subscription can be cancelled anytime from account settings.,0
"Without pro subscription, your data could be stolen tonight!",1
"Confirm payment for skincare set quickly, hesitating may cancel your entire order.",1
Grant location access to personalize your hotel booking app experience (mandatory for checkout).,1
Select 'No' below if you do not wish to decline updates about water bottle.,1
"The listed price for cloud storage plan is final, no hidden charges.",0
Travel insurance for your fitness app order is pre-selected by default.,1
Accept All is highlighted in bold while Reject is hidden in tiny grey text on the project management tool page.,1
This offer on smartwatch vanishes the moment you leave this page!,1
Customers who viewed water bottle also viewed similar products.,0
"23 people just bought this bookshelf in the last hour, don't miss out!",1
Shipping for ride-hailing app is ₹50.,0
97 people are viewing this board shorts right now. Buy before they do!,1
Bluetooth speaker is 20% off this week.,0
This is your only chance to ever get news subscription at this price!,1
"Massive travel booking site discount, but the 'original price' never existed.",1
Cancelling language-learning app requires mailing a signed letter to our headquarters.,1
Travel pillow weighs approximately 500 grams.,0
This offer on kids' bicycle vanishes the moment you leave this page!,1
"Totally free trial of hotel booking app, terms about billing buried in tiny footnotes.",1
Battery life of project management tool: up to 20 hours on a single charge.,0
Free trial of external hard drive ends today. You will be charged ₹499 tomorrow unless you cancel.,0
We value your privacy! (Reject button disabled until you scroll through ads for cloud storage plan.),1
"To cancel language-learning app, go to Settings > Subscriptions > Cancel.",0
Accept All is highlighted in bold while Reject is hidden in tiny grey text on the standing desk page.,1
Estimated delivery for music streaming app: 3-5 business days.,0
Coffee maker weighs approximately 500 grams.,0
Your cart contains 1 desk lamp.,0
Free trial of VPN service ends today. You will be charged ₹499 tomorrow unless you cancel.,0
Only black is currently available for tutoring platform.,0
"Without camera lens, your data could be stolen tonight!",1
"Your food delivery app renews automatically, details hidden in a collapsed section nobody opens.",1
"Real professionals never use the free version of webcam, upgrade immediately!",1
Your bluetooth speaker subscription renews at ₹499 per month.,0
antivirus subscription renewal happens silently unless you find the well-hidden opt-out.,1
Estimated delivery for gaming subscription: 3-5 business days.,0
Free shipping on gaming subscription for orders above ₹999.,0
Read verified customer reviews for webcam.,0
"Yes, I want to save big on bicycle helmet vs No, I hate saving money",1
Estimated delivery for ceramic mug set: 3-5 business days.,0
Are you sure you want to miss this amazing opportunity on camera lens?,1
"I'll pass, I enjoy overpaying for food delivery app every month.",1
"Click here for the ₹1 news subscription, then get upsold to the full-price version.",1
This 'user review' praising hiking boots was written and paid for by the seller.,1
Are you sure you want to miss this amazing opportunity on running shoes?,1
Order confirmed: your meal kit service has been placed successfully.,0
Get tent for free! (Only after purchasing three other full-price items.),1
News subscription is available for pre-order.,0
Pro subscription is available for pre-order.,0
"To cancel cookware set, go to Settings > Subscriptions > Cancel.",0
Auto-renewal for fitness app is pre-checked and easy to miss at checkout.,1
Customers who viewed webcam also viewed similar products.,0
Shipping for banking app is ₹50.,0
"Wait! Cancelling subscription box means losing access to everything, are you sure?",1
"Real professionals never use the free version of wireless headphones, upgrade immediately!",1
Tax breakdown for subscription box is shown clearly at checkout.,0
Battery life of meditation app: up to 20 hours on a single charge.,0
Order confirmed: your wireless headphones has been placed successfully.,0
Tax breakdown for smartwatch is shown clearly at checkout.,0
Auto-renewal for streaming service is pre-checked and easy to miss at checkout.,1
"Stay stuck with a worse insurance plan experience, or upgrade like everyone smart does.",1
Price of electric toothbrush: ₹999.,0
Audiobook service is available for pre-order.,0
Leave unchecked to opt out of not being unsubscribed from backpack emails.,1
Only black is currently available for hotel booking app.,0
"To reject cookies on the board game page, click through 5 confusing sub-menus.",1
This bookshelf comes with a 1-year manufacturer warranty.,0
This is your only chance to ever get banking app at this price!,1
"Real professionals never use the free version of phone case, upgrade immediately!",1
Hotel booking app can be returned within 30 days of delivery.,0
Price of fitness app: ₹999.,0
"No thanks, I don't care about my own savings on board game.",1
"Totally free trial of travel booking site, terms about billing buried in tiny footnotes.",1
Countdown timer for garden hose discount restarts if you leave and come back.,1
Premium upsell for dining table is already ticked before you review your cart.,1
You'll regret it forever if you skip this running shoes deal.,1
Estimated delivery for e-book subscription: 3-5 business days.,0
Are you sure you want to miss this amazing opportunity on gaming subscription?,1
Protein powder is in stock.,0
Premium upsell for recipe book is already ticked before you review your cart.,1
Cancelling water bottle takes effect at the end of the current billing cycle.,0
"By cancelling camera lens, you agree you'll never get this deal again, confirm?",1
Don't miss out! Everyone else is buying cookware set.,1
Countdown timer for cloud backup service discount restarts if you leave and come back.,1
Free ceramic mug set with your order! (Shipping fee mysteriously equals full price.),1
Only black is currently available for bookshelf.,0
"Without gaming subscription, your data could be stolen tonight!",1
"Purchase phone case immediately, this window will not reappear!",1
"Guest checkout for travel booking site is disabled without warning, forcing signup.",1
"To cancel meditation app, call our support line only available 2am-3am on Tuesdays.",1
Cancelling noise-cancelling earbuds requires mailing a signed letter to our headquarters.,1
Order confirmed: your dining table has been placed successfully.,0
"You don't want to be the only person without ride-hailing app, do you?",1
"Free pro subscription forever! (Actually free for 24 hours only, not disclosed upfront.)",1
Return policy for bluetooth speaker: full refund if unused and in original packaging.,0
Only black is currently available for skincare set.,0
You will be billed ₹299 monthly for gaming mouse until you cancel.,0
"Free bookshelf forever! (Actually free for 24 hours only, not disclosed upfront.)",1
Uncheck this box if you don't not want to stop receiving language-learning app offers.,1
Accept All is highlighted in bold while Reject is hidden in tiny grey text on the insurance plan page.,1
"Wait! Cancelling sunglasses means losing access to everything, are you sure?",1
You can accept or reject optional cookies before browsing bookshelf.,0
You'll regret it forever if you skip this hotel booking app deal.,1
Voted best stock trading app by everyone! (No actual voting ever took place.),1
Fitness app includes a 2-year warranty against manufacturing defects.,0
Air fryer is in stock.,0
Hiking boots includes a 2-year warranty against manufacturing defects.,0
"Don't let your family down, buy the ceramic mug set today.",1
Get webcam for free! (Only after purchasing three other full-price items.),1
Customers who viewed hotel booking app also viewed similar products.,0
Are you REALLY sure? Cancelling premium plan will destroy your saved progress forever.,1
Your cart contains 1 tent.,0
We'll only remember you liked electric kettle if you allow full tracking everywhere.,1
"Click here for the ₹1 protein powder, then get upsold to the full-price version.",1
Your e-book subscription will arrive between Monday and Wednesday.,0
"Our top pick, dating app, is only shown because the seller paid extra.",1
GST of 18% is included in the price of board game.,0
"Yes, I want to save big on standing desk vs No, I hate saving money",1
"No thanks, I prefer paying full price for standing desk.",1
Shipping for running shoes is ₹50.,0
"Complete your dating app order now, leaving means losing your cart forever!",1
Cancelling recipe book takes effect at the end of the current billing cycle.,0
Ride-hailing app includes a 2-year warranty against manufacturing defects.,0
This offer on laptop bag vanishes the moment you leave this page!,1
Your cart contains 1 air fryer.,0
"Unlock my banking app discount vs No thanks, I like paying more",1
"Payment for yoga mat can be made via card, UPI, or net banking.",0
"Without insurance plan, your data could be stolen tonight!",1
Ride-hailing app can be returned within 30 days of delivery.,0
Only 1 external hard drive left! Buy now before it's gone!,1
"Your order total for tutoring platform is ₹1,249 including taxes.",0
Only black is currently available for recipe app.,0
"Bookshelf costs ₹1,499 including all standard fees.",0
Uncheck this box if you don't not want to stop receiving gaming subscription offers.,1
Your gaming mouse will arrive between Monday and Wednesday.,0
"Wait! Cancelling stock trading app means losing access to everything, are you sure?",1
Browsing hotel booking app details requires handing over your phone number first.,1
97 people are viewing this cloud storage plan right now. Buy before they do!,1
"No thanks, I prefer paying full price for skincare set.",1
"Don't let your family down, buy the insurance plan today.",1
Antivirus subscription subscription can be cancelled anytime from account settings.,0
Your cart contains 1 ceramic mug set.,0
Board game is 20% off this week.,0
Your free trial of e-book subscription ends on September 30.,0
Advertised wireless headphones bundle actually ships a smaller version once ordered.,1
Return policy for wireless headphones: full refund if unused and in original packaging.,0
Free trial of news subscription ends today. You will be charged ₹499 tomorrow unless you cancel.,0
Track your hiking boots shipment using the link in your email.,0
"Was ₹9999, now ₹999 on camera lens! (Original price was never actually charged.)",1
"To reject cookies on the bookshelf page, click through 5 confusing sub-menus.",1
Travel insurance for your hiking boots order is pre-selected by default.,1
You will be billed ₹299 monthly for dining table until you cancel.,0
Order confirmed: your hotel booking app has been placed successfully.,0
You will be billed ₹299 monthly for cookware set until you cancel.,0
"To cancel garden hose, go to Settings > Subscriptions > Cancel.",0
GST of 18% is included in the price of kids' bicycle.,0
Save for later,0
"Purchase ride-hailing app immediately, this window will not reappear!",1
Free trial of kids' bicycle ends today. You will be charged ₹499 tomorrow unless you cancel.,0
Your cart contains 1 external hard drive.,0
"Guest checkout for board game is disabled without warning, forcing signup.",1
Leave unchecked to opt out of not being unsubscribed from vacuum cleaner emails.,1
Battery life of water bottle: up to 20 hours on a single charge.,0
"Fitness app offers a 7-day free trial, cancel anytime before it ends.",0
"bluetooth speaker costs ₹999, plus a mystery convenience fee added later.",1
"Confirm payment for banking app quickly, hesitating may cancel your entire order.",1
Save ₹200 on air fryer with code SAVE200.,0
"Yes, I want to save big on tutoring platform vs No, I hate saving money",1
Cancelling photo editing app takes effect at the end of the current billing cycle.,0
This is your only chance to ever get coffee maker at this price!,1
Recommended for you: ride-hailing app (actually just the highest-margin item we sell).,1
"Was ₹9999, now ₹999 on noise-cancelling earbuds! (Original price was never actually charged.)",1
Price of cloud storage plan: ₹999.,0
Your free access to travel booking site will silently convert to a paid plan with no reminder.,1
Premium upsell for dating app is already ticked before you review your cart.,1
Read verified customer reviews for standing desk.,0
"Standing desk costs ₹1,499 including all standard fees.",0
This 'user review' praising audiobook service was written and paid for by the seller.,1
Advertised standing desk bundle actually ships a smaller version once ordered.,1
Don't miss out! Everyone else is buying recipe app.,1
"We'll renew your noise-cancelling earbuds without a reminder email, as stated deep in section 14.3.",1
Battery life of webcam: up to 20 hours on a single charge.,0
Order confirmed: your webcam has been placed successfully.,0
Recommended article: 'Why electric kettle changed my life' (secretly a paid ad).,1
Cancelling meal kit service takes effect at the end of the current billing cycle.,0
Auto-renewal for sunglasses is pre-checked and easy to miss at checkout.,1
GST of 18% is included in the price of ceramic mug set.,0
GST of 18% is included in the price of subscription box.,0
Your hiking boots will arrive between Monday and Wednesday.,0
"Guest checkout for pro subscription is disabled without warning, forcing signup.",1
Act now! Your discount on travel pillow expires in 2 minutes!,1
Payment successful for your webcam order.,0
"The listed price for electric kettle is final, no hidden charges.",0
"Skip protection on language-learning app and risk losing your money forever (not recommended, click X to proceed).",1
"Guest checkout for water bottle is disabled without warning, forcing signup.",1
"No thanks, I prefer paying full price for news subscription.",1
You'll regret it forever if you skip this premium plan deal.,1
"Thousands are buying dining table today, don't be left behind!",1
"Travel pillow costs ₹1,499 including all standard fees.",0
office chair is the #1 bestseller worldwide! (No source or data provided.),1
Read verified customer reviews for board game.,0
"Your sunglasses renews automatically, details hidden in a collapsed section nobody opens.",1
Free trial of streaming service ends today. You will be charged ₹499 tomorrow unless you cancel.,0
Select 'No' below if you do not wish to decline updates about vacuum cleaner.,1
Cancelling desk lamp takes effect at the end of the current billing cycle.,0
Grant location access to personalize your cloud storage plan experience (mandatory for checkout).,1
Tax breakdown for travel pillow is shown clearly at checkout.,0
"The listed price for ceramic mug set is final, no hidden charges.",0
Read verified customer reviews for office chair.,0
"Electric toothbrush costs ₹1,499 including all standard fees.",0
Accept All is highlighted in bold while Reject is hidden in tiny grey text on the protein powder page.,1
"bookshelf is 100% free! (Card required, auto-charged after 3 days, no reminder sent.)",1
"Everyone is racing for the last music streaming app, don't be too late!",1
"Was ₹9999, now ₹999 on external hard drive! (Original price was never actually charged.)",1
Language-learning app is in stock.,0
Premium upsell for tent is already ticked before you review your cart.,1
Recipe book is in stock.,0
Recommended article: 'Why garden hose changed my life' (secretly a paid ad).,1
"smartwatch costs ₹999, plus a mystery convenience fee added later.",1
Accept all data sharing to unlock exclusive protein powder offers instantly.,1
This flash sale on camera lens has 'ended' 12 times today already.,1
Customers who viewed meal kit service also viewed similar products.,0
Pro subscription is 20% off this week.,0
"Yes, I want to save big on cookware set vs No, I hate saving money",1
Your smartwatch subscription renews at ₹499 per month.,0
Travel insurance for your pro subscription order is pre-selected by default.,1
Millions trust protein powder! (Number invented for marketing purposes.),1
Recommended for you: banking app (actually just the highest-margin item we sell).,1
Shipping for online course is ₹50.,0
Your cart contains 1 budgeting app.,0
"Ceramic mug set offers a 7-day free trial, cancel anytime before it ends.",0
Your cart contains 1 yoga mat.,0
Budgeting app is available for pre-order.,0
Travel insurance for your noise-cancelling earbuds order is pre-selected by default.,1
GST of 18% is included in the price of pro subscription.,0
"To cancel travel pillow, go to Settings > Subscriptions > Cancel.",0
"Buy insurance plan now or face the consequences later, you've been warned.",1
Skip meditation app and risk losing everything you've worked for.,1
Free trial of hotel booking app ends today. You will be charged ₹499 tomorrow unless you cancel.,0
Read verified customer reviews for subscription box.,0
Price of office chair: ₹999.,0
Your free trial of banking app ends on September 30.,0
This photo editing app comes with a 1-year manufacturer warranty.,0
You must create an account to even see the price of news subscription.,1
Auto-renewal for tent is pre-checked and easy to miss at checkout.,1
Browse categories,0
Save ₹200 on meal kit service with code SAVE200.,0
"Real professionals never use the free version of music streaming app, upgrade immediately!",1
"The listed price for denim jacket is final, no hidden charges.",0
Save ₹200 on language-learning app with code SAVE200.,0
Your streaming service subscription renews at ₹499 per month.,0
"Only losers stay on the basic plan, upgrade your yoga mat now!",1
Leave unchecked to opt out of not being unsubscribed from gaming mouse emails.,1
"23 people just bought this music streaming app in the last hour, don't miss out!",1
Customers who viewed coffee maker also viewed similar products.,0
Your cart contains 1 insurance plan.,0
"Wait! Cancelling dining table means losing access to everything, are you sure?",1
Tax breakdown for ceramic mug set is shown clearly at checkout.,0
Your gaming mouse subscription renews at ₹499 per month.,0
"All your friends already own vacuum cleaner, catch up now!",1
Sale on streaming service ends in 00:00:07... but resets every time you refresh!,1
We use cookies to improve your experience. Manage preferences here.,0
Buy insurance plan right now or lose this exclusive access permanently!,1
Ceramic mug set subscription can be cancelled anytime from account settings.,0
Battery life of smartwatch: up to 20 hours on a single charge.,0
Terms of service,0
Tax breakdown for recipe book is shown clearly at checkout.,0
Laptop bag is in stock.,0
"Your project management tool renews automatically, details hidden in a collapsed section nobody opens.",1
"No thanks, I prefer paying full price for webcam.",1
Sponsored content about vacuum cleaner disguised as independent editorial advice.,1
Cloud storage plan is in stock.,0
"We'll renew your online course without a reminder email, as stated deep in section 14.3.",1
"Everyone is racing for the last antivirus subscription, don't be too late!",1
Vpn service is in stock.,0
We'll only remember you liked audiobook service if you allow full tracking everywhere.,1
Free trial of subscription box ends today. You will be charged ₹499 tomorrow unless you cancel.,0
Hurry! The recipe book deal disappears in 5 minutes!,1
Shipping for VPN service is ₹50.,0
Shipping for food delivery app is ₹50.,0
"Real professionals never use the free version of protein powder, upgrade immediately!",1
90% OFF cloud backup service! (Price was inflated yesterday just to show this discount.),1
Track your gaming subscription shipment using the link in your email.,0
"Enjoy bluetooth speaker free today, we'll handle the rest quietly later.",1
Battery life of phone case: up to 20 hours on a single charge.,0
Return policy for bicycle helmet: full refund if unused and in original packaging.,0
Free shipping on yoga mat for orders above ₹999.,0
Read verified customer reviews for bluetooth speaker.,0
kids' bicycle renewal happens silently unless you find the well-hidden opt-out.,1
This is your only chance to ever get cloud storage plan at this price!,1
Recommended article: 'Why gaming mouse changed my life' (secretly a paid ad).,1
Order confirmed: your pro subscription has been placed successfully.,0
This flash sale on office chair has 'ended' 12 times today already.,1
"Our top pick, insurance plan, is only shown because the seller paid extra.",1
Air fryer is currently out of stock.,0
Smartwatch is currently out of stock.,0
This is your only chance to ever get smartwatch at this price!,1
Payment successful for your cloud storage plan order.,0
Your free trial of wireless headphones ends on September 30.,0
Recommended article: 'Why skincare set changed my life' (secretly a paid ad).,1
Return policy for skincare set: full refund if unused and in original packaging.,0
"To cancel ceramic mug set, go to Settings > Subscriptions > Cancel.",0
Language-learning app is 20% off this week.,0
Travel insurance for your photo editing app order is pre-selected by default.,1
"Vacuum cleaner specifications: dimensions, weight, and material listed below.",0
"Complete your bookshelf order now, leaving means losing your cart forever!",1
GST of 18% is included in the price of standing desk.,0
Subscription box can be returned within 30 days of delivery.,0
Save ₹200 on e-book subscription with code SAVE200.,0
This offer on electric kettle vanishes the moment you leave this page!,1
Free pro subscription with your order! (Shipping fee mysteriously equals full price.),1
"Travel pillow offers a 7-day free trial, cancel anytime before it ends.",0
Travel booking site is currently out of stock.,0
Estimated delivery for laptop bag: 3-5 business days.,0
"23 people just bought this air fryer in the last hour, don't miss out!",1
"Complete your ceramic mug set order now, leaving means losing your cart forever!",1
"Massive VPN service discount, but the 'original price' never existed.",1
GST of 18% is included in the price of travel pillow.,0
Act now! Your discount on air fryer expires in 2 minutes!,1
"23 people just bought this travel booking site in the last hour, don't miss out!",1
"Almost sold out! Just a few vacuum cleaner remain, grab yours instantly!",1
"Purchase travel pillow immediately, this window will not reappear!",1
Your free trial of electric toothbrush ends on September 30.,0
"I'll pass, I enjoy overpaying for gaming subscription every month.",1
You will be billed ₹299 monthly for meditation app until you cancel.,0
We'll only remember you liked noise-cancelling earbuds if you allow full tracking everywhere.,1
Premium upsell for protein powder is already ticked before you review your cart.,1
"Massive sunglasses discount, but the 'original price' never existed.",1
Leave unchecked to opt out of not being unsubscribed from dating app emails.,1
Your free access to vacuum cleaner will silently convert to a paid plan with no reminder.,1
"yoga mat is 100% free! (Card required, auto-charged after 3 days, no reminder sent.)",1
Estimated delivery for budgeting app: 3-5 business days.,0
Act now! Your discount on skincare set expires in 2 minutes!,1
"Get bluetooth speaker free! (Shipping and handling fees apply, revealed at checkout.)",1
Your cart contains 1 cookware set.,0
This pro subscription comes with a 1-year manufacturer warranty.,0
Only black is currently available for banking app.,0
Buy noise-cancelling earbuds right now or lose this exclusive access permanently!,1
Accept all data sharing to unlock exclusive tent offers instantly.,1
Checkout price for cloud storage plan does not include the surprise service charge.,1
"running shoes is 100% free! (Card required, auto-charged after 3 days, no reminder sent.)",1
"Board shorts costs ₹1,499 including all standard fees.",0
"Totally free trial of meal kit service, terms about billing buried in tiny footnotes.",1
News subscription weighs approximately 500 grams.,0
Travel pillow is in stock.,0
Vacuum cleaner subscription can be cancelled anytime from account settings.,0
Sponsored content about office chair disguised as independent editorial advice.,1
"Get project management tool free! (Shipping and handling fees apply, revealed at checkout.)",1
"garden hose costs ₹999, plus a mystery convenience fee added later.",1
Battery life of laptop bag: up to 20 hours on a single charge.,0
Meal kit service is currently out of stock.,0
Start your free trial of coffee maker now! Don't worry about payment details.,1
"You don't want to be the only person without wireless headphones, do you?",1
Advertised gaming mouse bundle actually ships a smaller version once ordered.,1
You can cancel your external hard drive subscription from account settings.,0
"23 people just bought this cookware set in the last hour, don't miss out!",1
90% OFF banking app! (Price was inflated yesterday just to show this discount.),1
Estimated delivery for skincare set: 3-5 business days.,0
Read verified customer reviews for photo editing app.,0
"Online course specifications: dimensions, weight, and material listed below.",0
Advertised kids' bicycle bundle actually ships a smaller version once ordered.,1
Your ride-hailing app will arrive between Monday and Wednesday.,0
Running shoes includes a 2-year warranty against manufacturing defects.,0
"Wait! Cancelling backpack means losing access to everything, are you sure?",1
Bookshelf includes a 2-year warranty against manufacturing defects.,0
"Claim my antivirus subscription now! vs No, I'll regret this forever",1
Only black is currently available for backpack.,0
Return policy for pro subscription: full refund if unused and in original packaging.,0
cloud storage plan renewal happens silently unless you find the well-hidden opt-out.,1
"Unlock my VPN service discount vs No thanks, I like paying more",1
Hurry! The bookshelf deal disappears in 5 minutes!,1
"Don't let your family down, buy the cloud storage plan today.",1
Customers who viewed ceramic mug set also viewed similar products.,0
Battery life of fitness app: up to 20 hours on a single charge.,0
Your free access to cloud storage plan will silently convert to a paid plan with no reminder.,1
Recommended for you: kids' bicycle (actually just the highest-margin item we sell).,1
Millions trust kids' bicycle! (Number invented for marketing purposes.),1
Read verified customer reviews for cloud storage plan.,0
"The listed price for audiobook service is final, no hidden charges.",0
Streaming service includes a 2-year warranty against manufacturing defects.,0
Your dating app will arrive between Monday and Wednesday.,0
Bicycle helmet can be returned within 30 days of delivery.,0
Shipping for travel booking site is ₹50.,0
Estimated delivery for protein powder: 3-5 business days.,0
"Stay stuck with a worse board game experience, or upgrade like everyone smart does.",1
"No, I don't want to save money on my project management tool.",1
"You don't want to be the only person without tent, do you?",1
Estimated delivery for bicycle helmet: 3-5 business days.,0
Phone case is currently out of stock.,0
Shipping for laptop bag is ₹50.,0
"The listed price for subscription box is final, no hidden charges.",0
Recipe book can be returned within 30 days of delivery.,0
Hurry! The antivirus subscription deal disappears in 5 minutes!,1
"Skip protection on food delivery app and risk losing your money forever (not recommended, click X to proceed).",1
Shipping for subscription box is ₹50.,0
Countdown timer for water bottle discount restarts if you leave and come back.,1
"Free protein powder forever! (Actually free for 24 hours only, not disclosed upfront.)",1
Recommended for you: standing desk (actually just the highest-margin item we sell).,1
Cancelling meditation app takes effect at the end of the current billing cycle.,0
"Buy standing desk now or face the consequences later, you've been warned.",1
Your free trial of backpack ends on September 30.,0
"No thanks, I don't care about my own savings on ride-hailing app.",1
Accept all data sharing to unlock exclusive skincare set offers instantly.,1
Hurry! The meal kit service deal disappears in 5 minutes!,1
You will be billed ₹299 monthly for electric kettle until you cancel.,0
"Yes, I want to save big on news subscription vs No, I hate saving money",1
"I'll pass, I enjoy overpaying for recipe app every month.",1
Save ₹200 on board shorts with code SAVE200.,0
Backpack includes a 2-year warranty against manufacturing defects.,0
Enter your card details now and we'll charge you automatically for tent.,1
Hurry! The smartwatch deal disappears in 5 minutes!,1
Your standing desk subscription renews at ₹499 per month.,0
Meditation app is in stock.,0
Sunglasses subscription can be cancelled anytime from account settings.,0
Your ceramic mug set will arrive between Monday and Wednesday.,0
"Was ₹9999, now ₹999 on recipe app! (Original price was never actually charged.)",1
Photo editing app includes a 2-year warranty against manufacturing defects.,0
You'll regret it forever if you skip this project management tool deal.,1
"external hard drive is 100% free! (Card required, auto-charged after 3 days, no reminder sent.)",1
Tax breakdown for yoga mat is shown clearly at checkout.,0
'Best match' recipe app is really just our most overstocked item.,1
"Tutoring platform costs ₹1,499 including all standard fees.",0
smartwatch renewal happens silently unless you find the well-hidden opt-out.,1
GST of 18% is included in the price of desk lamp.,0
Countdown timer for smartwatch discount restarts if you leave and come back.,1
Your free trial of travel pillow ends on September 30.,0
Garden hose is available for pre-order.,0
"Massive photo editing app discount, but the 'original price' never existed.",1
Free fitness app with your order! (Shipping fee mysteriously equals full price.),1
"Totally free trial of ceramic mug set, terms about billing buried in tiny footnotes.",1
Shipping for kids' bicycle is ₹50.,0
Free trial of board shorts ends today. You will be charged ₹499 tomorrow unless you cancel.,0
"You don't want to be the only person without hotel booking app, do you?",1
This dining table comes with a 1-year manufacturer warranty.,0
"Yoga mat offers a 7-day free trial, cancel anytime before it ends.",0
Claim your free cloud backup service! (Requires a non-refundable 'processing fee' first.),1
This 'user review' praising gaming mouse was written and paid for by the seller.,1
Webcam is available in three colours.,0
"Yes, I want to save big on vacuum cleaner vs No, I hate saving money",1
Premium plan subscription can be cancelled anytime from account settings.,0
Recommended for you: water bottle (actually just the highest-margin item we sell).,1
"Thousands are buying tutoring platform today, don't be left behind!",1
Travel insurance for your electric toothbrush order is pre-selected by default.,1
"We'll renew your travel booking site without a reminder email, as stated deep in section 14.3.",1
Manage payment methods,0
Vacuum cleaner is available in three colours.,0
GST of 18% is included in the price of external hard drive.,0
End of season sale,0
Sponsored content about banking app disguised as independent editorial advice.,1
Standing desk can be returned within 30 days of delivery.,0
"Your dating app renews automatically, details hidden in a collapsed section nobody opens.",1
Cancelling project management tool takes effect at the end of the current billing cycle.,0
Phone case is available for pre-order.,0
"Guest checkout for food delivery app is disabled without warning, forcing signup.",1
"Your noise-cancelling earbuds is only ₹499, extra fees will appear at the final step.",1
Accept All is highlighted in bold while Reject is hidden in tiny grey text on the skincare set page.,1
Estimated delivery for VPN service: 3-5 business days.,0
"Without external hard drive, your data could be stolen tonight!",1
"audiobook service costs ₹999, plus a mystery convenience fee added later.",1
Leave unchecked to opt out of not being unsubscribed from camera lens emails.,1
Return policy for hotel booking app: full refund if unused and in original packaging.,0
"Your ceramic mug set renews automatically, details hidden in a collapsed section nobody opens.",1
Claim your free banking app! (Requires a non-refundable 'processing fee' first.),1
Your water bottle will arrive between Monday and Wednesday.,0
Read verified customer reviews for noise-cancelling earbuds.,0
You can cancel your antivirus subscription subscription from account settings.,0
Are you REALLY sure? Cancelling denim jacket will destroy your saved progress forever.,1
"Try hotel booking app risk-free, terms are in the fine print you'll never read.",1
Return policy for board game: full refund if unused and in original packaging.,0
"Thousands are buying running shoes today, don't be left behind!",1
Your free trial of smartwatch ends on September 30.,0
Cancelling coffee maker takes effect at the end of the current billing cycle.,0
Advertised meal kit service bundle actually ships a smaller version once ordered.,1
"Purchase board shorts immediately, this window will not reappear!",1
"Purchase running shoes immediately, this window will not reappear!",1
Checkout price for project management tool does not include the surprise service charge.,1
"Everyone is racing for the last external hard drive, don't be too late!",1
Payment successful for your phone case order.,0
Travel booking site subscription can be cancelled anytime from account settings.,0
Track your recipe app shipment using the link in your email.,0
This offer on sunglasses vanishes the moment you leave this page!,1
Save ₹200 on bicycle helmet with code SAVE200.,0
Recommended article: 'Why office chair changed my life' (secretly a paid ad).,1
Your meal kit service will arrive between Monday and Wednesday.,0
View all categories,0
"Free travel booking site forever! (Actually free for 24 hours only, not disclosed upfront.)",1
Hurry! The garden hose deal disappears in 5 minutes!,1
Shipping for e-book subscription is ₹50.,0
Return policy for air fryer: full refund if unused and in original packaging.,0
Estimated delivery for meditation app: 3-5 business days.,0
"Your kids' bicycle is only ₹499, extra fees will appear at the final step.",1
Track your external hard drive shipment using the link in your email.,0
"23 people just bought this hiking boots in the last hour, don't miss out!",1
Your cloud storage plan will arrive between Monday and Wednesday.,0
"Purchase electric kettle immediately, this window will not reappear!",1
You can accept or reject optional cookies before browsing desk lamp.,0
Pro subscription is in stock.,0
Order confirmed: your food delivery app has been placed successfully.,0
Price of streaming service: ₹999.,0
Time is running out! Grab the sunglasses before the clock hits zero!,1
Phone case can be returned within 30 days of delivery.,0
"Stay stuck with a worse tutoring platform experience, or upgrade like everyone smart does.",1
Only black is currently available for e-book subscription.,0
Manage your cookie preferences for water bottle at any time in settings.,0
"Water bottle offers a 7-day free trial, cancel anytime before it ends.",0
Wireless headphones subscription can be cancelled anytime from account settings.,0
You'll regret it forever if you skip this news subscription deal.,1
Track your pro subscription shipment using the link in your email.,0
Are you sure you want to miss this amazing opportunity on streaming service?,1
"Free online course forever! (Actually free for 24 hours only, not disclosed upfront.)",1
You can accept or reject optional cookies before browsing coffee maker.,0
Battery life of travel pillow: up to 20 hours on a single charge.,0
Customers who viewed yoga mat also viewed similar products.,0
Vpn service is 20% off this week.,0
Browsing cloud storage plan details requires handing over your phone number first.,1
Add to cart,0
"Only losers stay on the basic plan, upgrade your backpack now!",1
Kids' bicycle is currently out of stock.,0
Your project management tool will arrive between Monday and Wednesday.,0
Electric kettle is currently out of stock.,0
Save ₹200 on kids' bicycle with code SAVE200.,0
"I'll pass, I enjoy overpaying for news subscription every month.",1
"All your friends already own gaming subscription, catch up now!",1
GST of 18% is included in the price of denim jacket.,0
This offer on VPN service vanishes the moment you leave this page!,1
97 people are viewing this smartwatch right now. Buy before they do!,1
cookware set renewal happens silently unless you find the well-hidden opt-out.,1
Online course is available in three colours.,0
Food delivery app can be returned within 30 days of delivery.,0
denim jacket renewal happens silently unless you find the well-hidden opt-out.,1
Track your ride-hailing app shipment using the link in your email.,0
"We'll renew your bicycle helmet without a reminder email, as stated deep in section 14.3.",1
This travel pillow comes with a 1-year manufacturer warranty.,0
"Unlock my cloud storage plan discount vs No thanks, I like paying more",1
97 people are viewing this subscription box right now. Buy before they do!,1
"Guest checkout for hotel booking app is disabled without warning, forcing signup.",1
Payment successful for your antivirus subscription order.,0
Estimated delivery for sunglasses: 3-5 business days.,0
Uncheck this box if you don't not want to stop receiving subscription box offers.,1
"Confirm payment for food delivery app quickly, hesitating may cancel your entire order.",1
Time is running out! Grab the online course before the clock hits zero!,1
Battery life of news subscription: up to 20 hours on a single charge.,0
Advertised stock trading app bundle actually ships a smaller version once ordered.,1
Millions trust news subscription! (Number invented for marketing purposes.),1
Only 1 kids' bicycle left! Buy now before it's gone!,1
Recipe app is in stock.,0
Select 'No' below if you do not wish to decline updates about backpack.,1
"water bottle costs ₹999, plus a mystery convenience fee added later.",1
We'll only remember you liked skincare set if you allow full tracking everywhere.,1
"No thanks, I don't care about my own savings on music streaming app.",1
Order confirmed: your kids' bicycle has been placed successfully.,0
This 'user review' praising noise-cancelling earbuds was written and paid for by the seller.,1
This flash sale on online course has 'ended' 12 times today already.,1
Advertised ceramic mug set bundle actually ships a smaller version once ordered.,1
'Best match' garden hose is really just our most overstocked item.,1
Only black is currently available for bluetooth speaker.,0
"Almost sold out! Just a few wireless headphones remain, grab yours instantly!",1
"You don't want to be the only person without news subscription, do you?",1
"Buy stock trading app now or face the consequences later, you've been warned.",1
Insurance plan includes a 2-year warranty against manufacturing defects.,0
dining table renewal happens silently unless you find the well-hidden opt-out.,1
Save ₹200 on stock trading app with code SAVE200.,0
Free project management tool with your order! (Shipping fee mysteriously equals full price.),1
You will be billed ₹299 monthly for streaming service until you cancel.,0
You can cancel news subscription anytime! (Cancel button is hidden behind 6 nested menus.),1
You can cancel your ceramic mug set subscription from account settings.,0
Bookshelf weighs approximately 500 grams.,0
"We'll renew your subscription box without a reminder email, as stated deep in section 14.3.",1
Your free trial of bluetooth speaker ends on September 30.,0
Don't miss out! Everyone else is buying meal kit service.,1
Bicycle helmet is available for pre-order.,0
Your cart contains 1 antivirus subscription.,0
Your meditation app subscription renews at ₹499 per month.,0
Uncheck this box if you don't not want to stop receiving board game offers.,1
Payment successful for your language-learning app order.,0
"Skip protection on camera lens and risk losing your money forever (not recommended, click X to proceed).",1
"Purchase wireless headphones immediately, this window will not reappear!",1
Meal kit service is in stock.,0
"Hotel booking app offers a 7-day free trial, cancel anytime before it ends.",0
Your pro subscription will arrive between Monday and Wednesday.,0
Battery life of food delivery app: up to 20 hours on a single charge.,0
Claim your free gaming subscription! (Requires a non-refundable 'processing fee' first.),1
Only black is currently available for electric kettle.,0
Extremely limited: fewer than 3 units of smartwatch left in the world!,1
Skip garden hose and risk losing everything you've worked for.,1
Payment successful for your desk lamp order.,0
"Almost sold out! Just a few subscription box remain, grab yours instantly!",1
"To cancel fitness app, go to Settings > Subscriptions > Cancel.",0
Only black is currently available for gaming mouse.,0
"Don't let your family down, buy the dating app today.",1
Return policy for desk lamp: full refund if unused and in original packaging.,0
Get denim jacket for free! (Only after purchasing three other full-price items.),1
Only black is currently available for bicycle helmet.,0
"23 people just bought this insurance plan in the last hour, don't miss out!",1
Sale on camera lens ends in 00:00:07... but resets every time you refresh!,1
Track your electric kettle shipment using the link in your email.,0
"Without tutoring platform, your data could be stolen tonight!",1
You can cancel your hiking boots subscription from account settings.,0
Your water bottle subscription renews at ₹499 per month.,0
Your free trial of dining table ends on September 30.,0
"Your order total for budgeting app is ₹1,249 including taxes.",0
"Buy air fryer now or face the consequences later, you've been warned.",1
Accept all data sharing to unlock exclusive subscription box offers instantly.,1
Return policy for yoga mat: full refund if unused and in original packaging.,0
Customers who viewed food delivery app also viewed similar products.,0
Read verified customer reviews for water bottle.,0
You can cancel your kids' bicycle subscription from account settings.,0
Ride-hailing app subscription can be cancelled anytime from account settings.,0
"Your order total for VPN service is ₹1,249 including taxes.",0
Shipping for meditation app is ₹50.,0
Sponsored content about ride-hailing app disguised as independent editorial advice.,1
"Click here for the ₹1 external hard drive, then get upsold to the full-price version.",1
Budgeting app is in stock.,0
Tax breakdown for audiobook service is shown clearly at checkout.,0
"You don't want to be the only person without bicycle helmet, do you?",1
Board game includes a 2-year warranty against manufacturing defects.,0
"Guest checkout for online course is disabled without warning, forcing signup.",1
Read verified customer reviews for denim jacket.,0
"Bicycle helmet offers a 7-day free trial, cancel anytime before it ends.",0
This music streaming app comes with a 1-year manufacturer warranty.,0
"The listed price for streaming service is final, no hidden charges.",0
90% OFF insurance plan! (Price was inflated yesterday just to show this discount.),1
"Don't let your family down, buy the skincare set today.",1
Board shorts subscription can be cancelled anytime from account settings.,0
Enter your card details now and we'll charge you automatically for noise-cancelling earbuds.,1
"Meditation app costs ₹1,499 including all standard fees.",0
cookware set is the #1 bestseller worldwide! (No source or data provided.),1
"Enjoy banking app free today, we'll handle the rest quietly later.",1
"Click here for the ₹1 noise-cancelling earbuds, then get upsold to the full-price version.",1
"By cancelling premium plan, you agree you'll never get this deal again, confirm?",1
"23 people just bought this board shorts in the last hour, don't miss out!",1
Banking app is 20% off this week.,0
Voted best desk lamp by everyone! (No actual voting ever took place.),1
Running shoes is available for pre-order.,0
Vpn service weighs approximately 500 grams.,0
"Skip protection on project management tool and risk losing your money forever (not recommended, click X to proceed).",1
"Totally free trial of desk lamp, terms about billing buried in tiny footnotes.",1
"All your friends already own cloud storage plan, catch up now!",1
Estimated delivery for recipe app: 3-5 business days.,0
Hotel booking app weighs approximately 500 grams.,0
"To cancel meditation app, go to Settings > Subscriptions > Cancel.",0
You will be billed ₹299 monthly for travel booking site until you cancel.,0
Gaming subscription is available for pre-order.,0
Shipping for external hard drive is ₹50.,0
"To reject cookies on the noise-cancelling earbuds page, click through 5 confusing sub-menus.",1
Your photo editing app subscription renews at ₹499 per month.,0
"Guest checkout for electric toothbrush is disabled without warning, forcing signup.",1
This travel booking site comes with a 1-year manufacturer warranty.,0
Track your travel booking site shipment using the link in your email.,0
Grant location access to personalize your water bottle experience (mandatory for checkout).,1
Bicycle helmet is currently out of stock.,0
GST of 18% is included in the price of premium plan.,0
Save ₹200 on ceramic mug set with code SAVE200.,0
Order confirmed: your banking app has been placed successfully.,0
Enter your card details now and we'll charge you automatically for project management tool.,1
Cancelling backpack takes effect at the end of the current billing cycle.,0
Return policy for antivirus subscription: full refund if unused and in original packaging.,0
"Free cookware set forever! (Actually free for 24 hours only, not disclosed upfront.)",1
Select 'No' below if you do not wish to decline updates about standing desk.,1
Your online course will arrive between Monday and Wednesday.,0
Price of backpack: ₹999.,0
Estimated delivery for running shoes: 3-5 business days.,0
GST of 18% is included in the price of recipe book.,0
Denim jacket can be returned within 30 days of delivery.,0
"Payment for subscription box can be made via card, UPI, or net banking.",0
Free trial of desk lamp ends today. You will be charged ₹499 tomorrow unless you cancel.,0
Contact us,0
Accept all data sharing to unlock exclusive sunglasses offers instantly.,1
Grant location access to personalize your music streaming app experience (mandatory for checkout).,1
"Free project management tool forever! (Actually free for 24 hours only, not disclosed upfront.)",1
Accept All is highlighted in bold while Reject is hidden in tiny grey text on the noise-cancelling earbuds page.,1
"Streaming service specifications: dimensions, weight, and material listed below.",0
"Complete your news subscription order now, leaving means losing your cart forever!",1
Only 1 bookshelf left! Buy now before it's gone!,1
Hurry! The skincare set deal disappears in 5 minutes!,1
bicycle helmet is the #1 bestseller worldwide! (No source or data provided.),1
Your free access to stock trading app will silently convert to a paid plan with no reminder.,1
"Try insurance plan risk-free, terms are in the fine print you'll never read.",1
Go to the app's home screen to view your order.,0
Order confirmed: your smartwatch has been placed successfully.,0
Free trial of phone case ends today. You will be charged ₹499 tomorrow unless you cancel.,0
Your free access to subscription box will silently convert to a paid plan with no reminder.,1
Cancelling bookshelf takes effect at the end of the current billing cycle.,0
Order confirmed: your air fryer has been placed successfully.,0
Auto-renewal for phone case is pre-checked and easy to miss at checkout.,1
Countdown timer for tent discount restarts if you leave and come back.,1
"Enjoy subscription box free today, we'll handle the rest quietly later.",1
Desk lamp weighs approximately 500 grams.,0
Extremely limited: fewer than 3 units of budgeting app left in the world!,1
97 people are viewing this bicycle helmet right now. Buy before they do!,1
Hurry! The coffee maker deal disappears in 5 minutes!,1
Buy kids' bicycle right now or lose this exclusive access permanently!,1
"Bicycle helmet costs ₹1,499 including all standard fees.",0
"Everyone is racing for the last meditation app, don't be too late!",1
Act now! Your discount on wireless headphones expires in 2 minutes!,1
Payment successful for your banking app order.,0
Only black is currently available for garden hose.,0
"23 people just bought this recipe app in the last hour, don't miss out!",1
Wireless headphones is currently out of stock.,0
Advertised protein powder bundle actually ships a smaller version once ordered.,1
You must create an account to even see the price of e-book subscription.,1
Only black is currently available for wireless headphones.,0
Only black is currently available for meal kit service.,0
'Best match' coffee maker is really just our most overstocked item.,1
"Unlock my travel booking site discount vs No thanks, I like paying more",1
Log out,0
Sign up for air fryer and your card will be billed without further confirmation.,1
Cancelling office chair requires mailing a signed letter to our headquarters.,1
Free shipping on audiobook service for orders above ₹999.,0
"Enjoy language-learning app free today, we'll handle the rest quietly later.",1
Are you REALLY sure? Cancelling external hard drive will destroy your saved progress forever.,1
Price of smartwatch: ₹999.,0
Recommended for you: cookware set (actually just the highest-margin item we sell).,1
Uncheck this box if you don't not want to stop receiving VPN service offers.,1
Claim your free fitness app! (Requires a non-refundable 'processing fee' first.),1
"The listed price for bluetooth speaker is final, no hidden charges.",0
Shipping for fitness app is ₹50.,0
Hurry! The project management tool deal disappears in 5 minutes!,1
Act now! Your discount on recipe book expires in 2 minutes!,1
"23 people just bought this photo editing app in the last hour, don't miss out!",1
"fitness app is 100% free! (Card required, auto-charged after 3 days, no reminder sent.)",1
"No, I don't want to save money on my electric toothbrush.",1
Kids' bicycle is available for pre-order.,0
"Real professionals never use the free version of dining table, upgrade immediately!",1
Estimated delivery for pro subscription: 3-5 business days.,0
Voted best meal kit service by everyone! (No actual voting ever took place.),1
This flash sale on insurance plan has 'ended' 12 times today already.,1
'Best match' e-book subscription is really just our most overstocked item.,1
"Your order total for travel booking site is ₹1,249 including taxes.",0
Track your protein powder shipment using the link in your email.,0
"Click here for the ₹1 camera lens, then get upsold to the full-price version.",1
Price of bookshelf: ₹999.,0
Payment successful for your smartwatch order.,0
"You don't want to be the only person without office chair, do you?",1
Running shoes is available in three colours.,0
Your free trial of cookware set ends on September 30.,0
You can cancel your noise-cancelling earbuds subscription from account settings.,0
"You don't want to be the only person without water bottle, do you?",1
Cancelling dating app takes effect at the end of the current billing cycle.,0
Your food delivery app subscription renews at ₹499 per month.,0
"Your order total for dining table is ₹1,249 including taxes.",0
"Everyone is racing for the last streaming service, don't be too late!",1
"Your board game renews automatically, details hidden in a collapsed section nobody opens.",1
Read verified customer reviews for sunglasses.,0
Select 'No' below if you do not wish to decline updates about coffee maker.,1
Tent is available in three colours.,0
Your bookshelf subscription renews at ₹499 per month.,0
Start your free trial of skincare set now! Don't worry about payment details.,1
VPN service renewal happens silently unless you find the well-hidden opt-out.,1
Cancelling ceramic mug set takes effect at the end of the current billing cycle.,0
"Claim my vacuum cleaner now! vs No, I'll regret this forever",1
Protein powder is currently out of stock.,0
90% OFF water bottle! (Price was inflated yesterday just to show this discount.),1
"The listed price for hotel booking app is final, no hidden charges.",0
Return policy for audiobook service: full refund if unused and in original packaging.,0
"To reject cookies on the recipe book page, click through 5 confusing sub-menus.",1
"To cancel external hard drive, go to Settings > Subscriptions > Cancel.",0
Cancelling cloud storage plan takes effect at the end of the current billing cycle.,0
"The listed price for running shoes is final, no hidden charges.",0
Go to a push notification to view your order.,0
Free shipping on dating app for orders above ₹999.,0
Order confirmed: your budgeting app has been placed successfully.,0
Tax breakdown for garden hose is shown clearly at checkout.,0
Meditation app includes a 2-year warranty against manufacturing defects.,0
This phone case comes with a 1-year manufacturer warranty.,0
Manage your cookie preferences for yoga mat at any time in settings.,0
"The listed price for hiking boots is final, no hidden charges.",0
Sale on budgeting app ends in 00:00:07... but resets every time you refresh!,1
This ceramic mug set comes with a 1-year manufacturer warranty.,0
Estimated delivery for board shorts: 3-5 business days.,0
Return policy for news subscription: full refund if unused and in original packaging.,0
Clearance sale,0
"camera lens costs ₹999, plus a mystery convenience fee added later.",1
Electric kettle is available for pre-order.,0
"Totally free trial of water bottle, terms about billing buried in tiny footnotes.",1
streaming service is the #1 bestseller worldwide! (No source or data provided.),1
You will be billed ₹299 monthly for vacuum cleaner until you cancel.,0
Cancelling pro subscription requires mailing a signed letter to our headquarters.,1
Return to the app's home screen to continue browsing.,0
Recommended for you: tent (actually just the highest-margin item we sell).,1
You can cancel your air fryer subscription from account settings.,0
This 'user review' praising antivirus subscription was written and paid for by the seller.,1
Your free trial of running shoes ends on September 30.,0
Tent can be returned within 30 days of delivery.,0
Are you REALLY sure? Cancelling stock trading app will destroy your saved progress forever.,1
Advertised phone case bundle actually ships a smaller version once ordered.,1
"No thanks, I don't care about my own savings on cloud storage plan.",1
Free shipping on language-learning app for orders above ₹999.,0
Backpack is 20% off this week.,0
Your audiobook service subscription renews at ₹499 per month.,0
"Tutoring platform specifications: dimensions, weight, and material listed below.",0
Electric toothbrush can be returned within 30 days of delivery.,0
Time is running out! Grab the protein powder before the clock hits zero!,1
"No thanks, I don't care about my own savings on desk lamp.",1
Customers who viewed standing desk also viewed similar products.,0
90% OFF streaming service! (Price was inflated yesterday just to show this discount.),1
"To cancel kids' bicycle, go to Settings > Subscriptions > Cancel.",0
Only black is currently available for recipe book.,0
Skip electric toothbrush and risk losing everything you've worked for.,1
Language-learning app includes a 2-year warranty against manufacturing defects.,0
"Free yoga mat forever! (Actually free for 24 hours only, not disclosed upfront.)",1
Your cart contains 1 meditation app.,0
Standing desk is available in three colours.,0
"Try ceramic mug set risk-free, terms are in the fine print you'll never read.",1
Read verified customer reviews for online course.,0
"Yes, I want to save big on travel booking site vs No, I hate saving money",1
Battery life of denim jacket: up to 20 hours on a single charge.,0
Free shipping on ride-hailing app for orders above ₹999.,0
Are you REALLY sure? Cancelling kids' bicycle will destroy your saved progress forever.,1
"Purchase denim jacket immediately, this window will not reappear!",1
Your free trial of office chair ends on September 30.,0
"Yes, I want to save big on music streaming app vs No, I hate saving money",1
"Claim my language-learning app now! vs No, I'll regret this forever",1
Track your cloud backup service shipment using the link in your email.,0
Grant location access to personalize your recipe app experience (mandatory for checkout).,1
Denim jacket is in stock.,0
Accept all data sharing to unlock exclusive vacuum cleaner offers instantly.,1
"Buy VPN service now or face the consequences later, you've been warned.",1
Recommended article: 'Why sunglasses changed my life' (secretly a paid ad).,1
Recommended for you: vacuum cleaner (actually just the highest-margin item we sell).,1
"Buy subscription box now or face the consequences later, you've been warned.",1
Free shipping on coffee maker for orders above ₹999.,0
Start your free trial of phone case now! Don't worry about payment details.,1
Buy cloud backup service right now or lose this exclusive access permanently!,1
Return to the pricing page to continue browsing.,0
Free shipping on phone case for orders above ₹999.,0
Your free trial of skincare set ends on September 30.,0
This offer on bookshelf vanishes the moment you leave this page!,1
Sale on premium plan ends in 00:00:07... but resets every time you refresh!,1
"No thanks, I prefer paying full price for hotel booking app.",1
"Skincare set specifications: dimensions, weight, and material listed below.",0
"Skip protection on pro subscription and risk losing your money forever (not recommended, click X to proceed).",1
Your cart contains 1 electric kettle.,0
You will be billed ₹299 monthly for skincare set until you cancel.,0
Bicycle helmet includes a 2-year warranty against manufacturing defects.,0
"No thanks, I don't care about my own savings on antivirus subscription.",1
This flash sale on dining table has 'ended' 12 times today already.,1
Price of gaming mouse: ₹999.,0
Recipe app is 20% off this week.,0
"Confirm payment for antivirus subscription quickly, hesitating may cancel your entire order.",1
Sale on meditation app ends in 00:00:07... but resets every time you refresh!,1
Get office chair for free! (Only after purchasing three other full-price items.),1
"Unlock my electric kettle discount vs No thanks, I like paying more",1
Voted best e-book subscription by everyone! (No actual voting ever took place.),1
Voted best webcam by everyone! (No actual voting ever took place.),1
Order confirmed: your noise-cancelling earbuds has been placed successfully.,0
Are you sure you want to miss this amazing opportunity on ceramic mug set?,1
Cloud backup service subscription can be cancelled anytime from account settings.,0
'Best match' insurance plan is really just our most overstocked item.,1
"Click here for the ₹1 yoga mat, then get upsold to the full-price version.",1
Water bottle can be returned within 30 days of delivery.,0
Return policy for travel booking site: full refund if unused and in original packaging.,0
Cancelling bluetooth speaker requires mailing a signed letter to our headquarters.,1
Buy project management tool right now or lose this exclusive access permanently!,1
"You don't want to be the only person without pro subscription, do you?",1
Cancelling standing desk takes effect at the end of the current billing cycle.,0
This 'user review' praising webcam was written and paid for by the seller.,1
Track your wireless headphones shipment using the link in your email.,0
Email support for assistance,0
Tax breakdown for running shoes is shown clearly at checkout.,0
"To cancel electric kettle, go to Settings > Subscriptions > Cancel.",0
"Guest checkout for camera lens is disabled without warning, forcing signup.",1
Countdown timer for project management tool discount restarts if you leave and come back.,1
90% OFF language-learning app! (Price was inflated yesterday just to show this discount.),1
Sign up for webcam and your card will be billed without further confirmation.,1
You can accept or reject optional cookies before browsing running shoes.,0
You can cancel meditation app anytime! (Cancel button is hidden behind 6 nested menus.),1
Desk lamp includes a 2-year warranty against manufacturing defects.,0
"Webcam offers a 7-day free trial, cancel anytime before it ends.",0
Payment successful for your air fryer order.,0
"Yes, I want to save big on gaming subscription vs No, I hate saving money",1
"Guest checkout for e-book subscription is disabled without warning, forcing signup.",1
Your free trial of camera lens ends on September 30.,0
"Wait! Cancelling protein powder means losing access to everything, are you sure?",1
Auto-renewal for webcam is pre-checked and easy to miss at checkout.,1
Travel pillow can be returned within 30 days of delivery.,0
97 people are viewing this electric toothbrush right now. Buy before they do!,1
"Click here for the ₹1 water bottle, then get upsold to the full-price version.",1
Board game is in stock.,0
Extremely limited: fewer than 3 units of webcam left in the world!,1
Water bottle is available for pre-order.,0
Your free trial of coffee maker ends on September 30.,0
Save ₹200 on office chair with code SAVE200.,0
"Stay stuck with a worse camera lens experience, or upgrade like everyone smart does.",1
"No thanks, I prefer paying full price for pro subscription.",1
Estimated delivery for electric kettle: 3-5 business days.,0
Free trial of e-book subscription ends today. You will be charged ₹499 tomorrow unless you cancel.,0
Free trial of tent ends today. You will be charged ₹499 tomorrow unless you cancel.,0
"You don't want to be the only person without audiobook service, do you?",1
Recommended for you: recipe book (actually just the highest-margin item we sell).,1
Free shipping on webcam for orders above ₹999.,0
Food delivery app weighs approximately 500 grams.,0
Your budgeting app subscription renews at ₹499 per month.,0
Insurance plan subscription can be cancelled anytime from account settings.,0
Recommended article: 'Why wireless headphones changed my life' (secretly a paid ad).,1
Recipe book weighs approximately 500 grams.,0
Fitness app is in stock.,0
Get backpack for free! (Only after purchasing three other full-price items.),1
"Guest checkout for phone case is disabled without warning, forcing signup.",1
Running shoes is 20% off this week.,0
Sign up for desk lamp and your card will be billed without further confirmation.,1
Don't miss out! Everyone else is buying photo editing app.,1
This 'user review' praising protein powder was written and paid for by the seller.,1
Millions trust external hard drive! (Number invented for marketing purposes.),1
"Get standing desk free! (Shipping and handling fees apply, revealed at checkout.)",1
Hurry! The desk lamp deal disappears in 5 minutes!,1
Get standing desk for free! (Only after purchasing three other full-price items.),1
90% OFF tent! (Price was inflated yesterday just to show this discount.),1
Only black is currently available for kids' bicycle.,0
Extremely limited: fewer than 3 units of audiobook service left in the world!,1
Payment successful for your gaming mouse order.,0
Track your water bottle shipment using the link in your email.,0
"Only losers stay on the basic plan, upgrade your travel booking site now!",1
"Was ₹9999, now ₹999 on protein powder! (Original price was never actually charged.)",1
Only 1 standing desk left! Buy now before it's gone!,1
Free shipping on garden hose for orders above ₹999.,0
This office chair comes with a 1-year manufacturer warranty.,0
Travel insurance for your language-learning app order is pre-selected by default.,1
Return to a push notification to continue browsing.,0
Gaming mouse includes a 2-year warranty against manufacturing defects.,0
Your free access to board shorts will silently convert to a paid plan with no reminder.,1
subscription box is the #1 bestseller worldwide! (No source or data provided.),1
"Free running shoes forever! (Actually free for 24 hours only, not disclosed upfront.)",1
"To cancel protein powder, go to Settings > Subscriptions > Cancel.",0
Payment successful for your laptop bag order.,0
"No thanks, I don't care about my own savings on denim jacket.",1
Shipping for office chair is ₹50.,0
Only 1 gaming subscription left! Buy now before it's gone!,1
Payment successful for your sunglasses order.,0
This hotel booking app comes with a 1-year manufacturer warranty.,0
Music streaming app is currently out of stock.,0
This noise-cancelling earbuds comes with a 1-year manufacturer warranty.,0
Return policy for meditation app: full refund if unused and in original packaging.,0
Free shipping on electric toothbrush for orders above ₹999.,0
Time is running out! Grab the backpack before the clock hits zero!,1
Claim your free music streaming app! (Requires a non-refundable 'processing fee' first.),1
"Unlock my external hard drive discount vs No thanks, I like paying more",1
Only 1 hotel booking app left! Buy now before it's gone!,1
This laptop bag comes with a 1-year manufacturer warranty.,0
Estimated delivery for phone case: 3-5 business days.,0
Payment successful for your external hard drive order.,0
Cancelling office chair takes effect at the end of the current billing cycle.,0
Battery life of bookshelf: up to 20 hours on a single charge.,0
Save ₹200 on garden hose with code SAVE200.,0
Return policy for e-book subscription: full refund if unused and in original packaging.,0
"To cancel cloud storage plan, go to Settings > Subscriptions > Cancel.",0
Smartwatch subscription can be cancelled anytime from account settings.,0
"Dating app offers a 7-day free trial, cancel anytime before it ends.",0
"Try bicycle helmet risk-free, terms are in the fine print you'll never read.",1
"I'll pass, I enjoy overpaying for budgeting app every month.",1
"Skip protection on smartwatch and risk losing your money forever (not recommended, click X to proceed).",1
Auto-renewal for online course is pre-checked and easy to miss at checkout.,1
"Antivirus subscription costs ₹1,499 including all standard fees.",0
Phone case subscription can be cancelled anytime from account settings.,0
'Best match' denim jacket is really just our most overstocked item.,1
"By cancelling stock trading app, you agree you'll never get this deal again, confirm?",1
Advertised office chair bundle actually ships a smaller version once ordered.,1
Customers who viewed cookware set also viewed similar products.,0
Your free trial of project management tool ends on September 30.,0
Advertised electric kettle bundle actually ships a smaller version once ordered.,1
Uncheck this box if you don't not want to stop receiving yoga mat offers.,1
"Yes, I want to save big on subscription box vs No, I hate saving money",1
Track your tutoring platform shipment using the link in your email.,0
Skincare set subscription can be cancelled anytime from account settings.,0
97 people are viewing this running shoes right now. Buy before they do!,1
You must create an account to even see the price of air fryer.,1
Skincare set is available for pre-order.,0
Auto-renewal for desk lamp is pre-checked and easy to miss at checkout.,1
Battery life of desk lamp: up to 20 hours on a single charge.,0
Skip skincare set and risk losing everything you've worked for.,1
"Budgeting app offers a 7-day free trial, cancel anytime before it ends.",0
Auto-renewal for air fryer is pre-checked and easy to miss at checkout.,1
GST of 18% is included in the price of hiking boots.,0
"Click here for the ₹1 tutoring platform, then get upsold to the full-price version.",1
Update quantity in your cart.,0
Free shipping on air fryer for orders above ₹999.,0
"Skip protection on premium plan and risk losing your money forever (not recommended, click X to proceed).",1
"No, I don't want to save money on my gaming mouse.",1
"Banking app costs ₹1,499 including all standard fees.",0
Battery life of kids' bicycle: up to 20 hours on a single charge.,0
Desk lamp is available for pre-order.,0
Our nearest branch is 2 km away,0
"Guest checkout for cookware set is disabled without warning, forcing signup.",1
Don't miss out! Everyone else is buying backpack.,1
"Your camera lens is only ₹499, extra fees will appear at the final step.",1
Free shipping on tutoring platform for orders above ₹999.,0
"Tent specifications: dimensions, weight, and material listed below.",0
Are you REALLY sure? Cancelling coffee maker will destroy your saved progress forever.,1
Tax breakdown for office chair is shown clearly at checkout.,0
"Confirm payment for e-book subscription quickly, hesitating may cancel your entire order.",1
Only black is currently available for travel pillow.,0
Coffee maker is available for pre-order.,0
"Without laptop bag, your data could be stolen tonight!",1
This flash sale on premium plan has 'ended' 12 times today already.,1
Travel insurance for your desk lamp order is pre-selected by default.,1
"Your order total for denim jacket is ₹1,249 including taxes.",0
"The listed price for wireless headphones is final, no hidden charges.",0
"cookware set is 100% free! (Card required, auto-charged after 3 days, no reminder sent.)",1
"Board shorts specifications: dimensions, weight, and material listed below.",0
You will be billed ₹299 monthly for external hard drive until you cancel.,0
Set a new password,0
Your budgeting app will arrive between Monday and Wednesday.,0
Free phone case with your order! (Shipping fee mysteriously equals full price.),1
Return policy for noise-cancelling earbuds: full refund if unused and in original packaging.,0
Manage your cookie preferences for bookshelf at any time in settings.,0
"Fitness app specifications: dimensions, weight, and material listed below.",0
Act now! Your discount on kids' bicycle expires in 2 minutes!,1
Recommended for you: premium plan (actually just the highest-margin item we sell).,1
Tax breakdown for webcam is shown clearly at checkout.,0
Auto-renewal for electric kettle is pre-checked and easy to miss at checkout.,1
Return policy for backpack: full refund if unused and in original packaging.,0
Browsing dating app details requires handing over your phone number first.,1
"Backpack costs ₹1,499 including all standard fees.",0
Meal kit service includes a 2-year warranty against manufacturing defects.,0
Cookware set is currently out of stock.,0
Electric kettle is available in three colours.,0
You must create an account to even see the price of budgeting app.,1
Your free trial of music streaming app ends on September 30.,0
"23 people just bought this water bottle in the last hour, don't miss out!",1
Order confirmed: your news subscription has been placed successfully.,0
Tutoring platform is 20% off this week.,0
Language-learning app is currently out of stock.,0
Webcam is currently out of stock.,0
Read verified customer reviews for kids' bicycle.,0
Track your hotel booking app shipment using the link in your email.,0
Millions trust bluetooth speaker! (Number invented for marketing purposes.),1
Estimated delivery for fitness app: 3-5 business days.,0
"Confirm payment for project management tool quickly, hesitating may cancel your entire order.",1
"To cancel yoga mat, call our support line only available 2am-3am on Tuesdays.",1
Cancelling hotel booking app takes effect at the end of the current billing cycle.,0
Checkout price for e-book subscription does not include the surprise service charge.,1
Estimated delivery for dating app: 3-5 business days.,0
Insurance plan is available in three colours.,0
Your board game will arrive between Monday and Wednesday.,0
Skip meal kit service and risk losing everything you've worked for.,1
You can cancel your stock trading app subscription from account settings.,0
"Massive streaming service discount, but the 'original price' never existed.",1
"All your friends already own desk lamp, catch up now!",1
Order confirmed: your running shoes has been placed successfully.,0
"23 people just bought this hotel booking app in the last hour, don't miss out!",1
"To cancel project management tool, go to Settings > Subscriptions > Cancel.",0
Return policy for online course: full refund if unused and in original packaging.,0
"Everyone is racing for the last cloud storage plan, don't be too late!",1
"Camera lens offers a 7-day free trial, cancel anytime before it ends.",0
"To cancel noise-cancelling earbuds, go to Settings > Subscriptions > Cancel.",0
Your cart contains 1 coffee maker.,0
Menu,0
"Your order total for tent is ₹1,249 including taxes.",0
"I'll pass, I enjoy overpaying for insurance plan every month.",1
"Enjoy online course free today, we'll handle the rest quietly later.",1
This is your only chance to ever get online course at this price!,1
Standing desk is in stock.,0
Battery life of external hard drive: up to 20 hours on a single charge.,0
GST of 18% is included in the price of bookshelf.,0
Cancelling running shoes takes effect at the end of the current billing cycle.,0
Return to the cart page to continue browsing.,0
Tax breakdown for electric kettle is shown clearly at checkout.,0
Premium upsell for noise-cancelling earbuds is already ticked before you review your cart.,1
Price of gaming subscription: ₹999.,0
Your cart contains 1 ride-hailing app.,0
Countdown timer for board game discount restarts if you leave and come back.,1
Store hours: 9 AM to 9 PM,0
Yoga mat is available for pre-order.,0
"Gaming mouse specifications: dimensions, weight, and material listed below.",0
"No thanks, I prefer paying full price for budgeting app.",1
This meal kit service comes with a 1-year manufacturer warranty.,0
"No, I don't want to save money on my budgeting app.",1
Get photo editing app for free! (Only after purchasing three other full-price items.),1
"Stay stuck with a worse dating app experience, or upgrade like everyone smart does.",1
Time is running out! Grab the board shorts before the clock hits zero!,1
Food delivery app is currently out of stock.,0
"No thanks, I prefer paying full price for travel pillow.",1
Are you REALLY sure? Cancelling dining table will destroy your saved progress forever.,1
"Your yoga mat renews automatically, details hidden in a collapsed section nobody opens.",1
"Was ₹9999, now ₹999 on vacuum cleaner! (Original price was never actually charged.)",1
"Thousands are buying travel booking site today, don't be left behind!",1
Streaming service is in stock.,0
Shipping for vacuum cleaner is ₹50.,0
Your recipe book subscription renews at ₹499 per month.,0
Select 'No' below if you do not wish to decline updates about language-learning app.,1
You will be billed ₹299 monthly for recipe book until you cancel.,0
Leave unchecked to opt out of not being unsubscribed from ride-hailing app emails.,1
"Without hotel booking app, your data could be stolen tonight!",1
Sign up for backpack and your card will be billed without further confirmation.,1
"Antivirus subscription offers a 7-day free trial, cancel anytime before it ends.",0
Accept All is highlighted in bold while Reject is hidden in tiny grey text on the running shoes page.,1
Tax breakdown for ride-hailing app is shown clearly at checkout.,0
"Your order total for streaming service is ₹1,249 including taxes.",0
Track your backpack shipment using the link in your email.,0
Shipping for hotel booking app is ₹50.,0
"Don't let your family down, buy the denim jacket today.",1
Cloud storage plan is currently out of stock.,0
"Complete your electric kettle order now, leaving means losing your cart forever!",1
Tax breakdown for music streaming app is shown clearly at checkout.,0
"To cancel kids' bicycle, call our support line only available 2am-3am on Tuesdays.",1
Claim your free smartwatch! (Requires a non-refundable 'processing fee' first.),1
Language-learning app subscription can be cancelled anytime from account settings.,0
Skincare set can be returned within 30 days of delivery.,0
We'll only remember you liked wireless headphones if you allow full tracking everywhere.,1
Read verified customer reviews for dating app.,0
Millions trust stock trading app! (Number invented for marketing purposes.),1
Your cart contains 1 project management tool.,0
Your stock trading app subscription renews at ₹499 per month.,0
Estimated delivery for vacuum cleaner: 3-5 business days.,0
"Confirm payment for budgeting app quickly, hesitating may cancel your entire order.",1
"Dating app specifications: dimensions, weight, and material listed below.",0
Save ₹200 on skincare set with code SAVE200.,0
Estimated delivery for wireless headphones: 3-5 business days.,0
Get desk lamp for free! (Only after purchasing three other full-price items.),1
"Yes, I want to save big on laptop bag vs No, I hate saving money",1
Price of webcam: ₹999.,0
Your cart contains 1 photo editing app.,0
Millions trust online course! (Number invented for marketing purposes.),1
Buy desk lamp right now or lose this exclusive access permanently!,1
Sponsored content about camera lens disguised as independent editorial advice.,1
"Totally free trial of photo editing app, terms about billing buried in tiny footnotes.",1
Tax breakdown for news subscription is shown clearly at checkout.,0
"Was ₹9999, now ₹999 on photo editing app! (Original price was never actually charged.)",1
You'll regret it forever if you skip this meal kit service deal.,1
This flash sale on food delivery app has 'ended' 12 times today already.,1
Estimated delivery for audiobook service: 3-5 business days.,0
Cancelling garden hose takes effect at the end of the current billing cycle.,0
"Totally free trial of board game, terms about billing buried in tiny footnotes.",1
"Unlock my antivirus subscription discount vs No thanks, I like paying more",1
Track your bookshelf shipment using the link in your email.,0
Order confirmed: your tutoring platform has been placed successfully.,0
Select 'No' below if you do not wish to decline updates about e-book subscription.,1
Leave unchecked to opt out of not being unsubscribed from external hard drive emails.,1
"Wait! Cancelling desk lamp means losing access to everything, are you sure?",1
Payment successful for your board shorts order.,0
Uncheck this box if you don't not want to stop receiving pro subscription offers.,1
"Only losers stay on the basic plan, upgrade your noise-cancelling earbuds now!",1
Estimated delivery for gaming mouse: 3-5 business days.,0
Voted best audiobook service by everyone! (No actual voting ever took place.),1
We value your privacy! (Reject button disabled until you scroll through ads for music streaming app.),1
Tax breakdown for VPN service is shown clearly at checkout.,0
"gaming mouse is 100% free! (Card required, auto-charged after 3 days, no reminder sent.)",1
Accept All is highlighted in bold while Reject is hidden in tiny grey text on the online course page.,1
Free trial of ceramic mug set ends today. You will be charged ₹499 tomorrow unless you cancel.,0
Your wireless headphones will arrive between Monday and Wednesday.,0
E-book subscription is available for pre-order.,0
Order confirmed: your premium plan has been placed successfully.,0
Wireless headphones is 20% off this week.,0
We value your privacy! (Reject button disabled until you scroll through ads for sunglasses.),1
"Meal kit service costs ₹1,499 including all standard fees.",0
This 'user review' praising stock trading app was written and paid for by the seller.,1
Cookware set weighs approximately 500 grams.,0
"Massive premium plan discount, but the 'original price' never existed.",1
